"Throttle", "Brake", "Gear", "Boost", "RPM", "Speed"
100, 0, 6, 0, 6976.15234375, 228.43426518879
100, 0, 6, 0, 6984.0874023438, 228.72375492722
100, 0, 6, 0, 6995.0830078125, 229.10230258565
100, 0, 6, 0, 7004.0322265625, 229.3961731223
100, 0, 6, 0, 7015.318359375, 229.76700288542
100, 0, 6, 0, 7026.2700195313, 230.1346878122
100, 0, 6, 0, 7030.9814453125, 230.31353149643
100, 0, 6, 0, 7045.0771484375, 230.7736114403
100, 0, 6, 0, 7052.564453125, 231.05670164276
100, 0, 6, 0, 7063.2880859375, 231.41227414311
100, 0, 6, 0, 7073.7646484375, 231.76323238576
100, 0, 6, 0, 7081.3422851563, 232.02745357017
100, 0, 6, 0, 7091.3774414063, 232.37223200342
100, 0, 6, 0, 7098.94921875, 232.64095758224
100, 0, 6, 0, 7108.6440429688, 232.97952874026
100, 0, 6, 0, 7117.818359375, 233.31428214936
100, 0, 6, 0, 7124.666015625, 233.56520987709
100, 0, 6, 0, 7133.4125976563, 233.89317922875
100, 0, 6, 0, 7140.6123046875, 234.14745778647
100, 0, 6, 0, 7150.1083984375, 234.46573170382
100, 0, 6, 0, 7160.5844726563, 234.77856738889
100, 0, 6, 0, 7169.6821289063, 235.05819689808
100, 0, 6, 0, 7177.4638671875, 235.28034044689
100, 0, 6, 0, 7185.6025390625, 235.59345079015
100, 0, 6, 0, 7191.3134765625, 235.8314970485
100, 0, 6, 0, 7197.3935546875, 236.08429245196
100, 0, 6, 0, 7204.6938476563, 236.39388717032
100, 0, 6, 0, 7214.798828125, 236.67568647926
100, 0, 6, 0, 7223.4526367188, 236.87679121026
100, 0, 6, 0, 7234.96875, 237.15743695478
100, 0, 6, 0, 7243.69921875, 237.3971311623
100, 0, 6, 0, 7250.888671875, 237.67019634061
100, 0, 6, 0, 7255.1982421875, 237.87706889372
100, 0, 6, 0, 7260.251953125, 238.1461515282
100, 0, 6, 0, 7264.9711914063, 238.35423257737
100, 0, 6, 0, 7273.1376953125, 238.60996682353
100, 0, 6, 0, 7283.55859375, 238.86619545443
100, 0, 6, 0, 7291.1630859375, 239.04502540575
100, 0, 6, 0, 7298.5522460938, 239.30034766461
100, 0, 6, 0, 7301.9423828125, 239.51894812269
100, 0, 6, 0, 7303.412109375, 239.70670446537
100, 0, 6, 0, 7305.6342773438, 239.95384191
100, 0, 6, 0, 7312.1694335938, 240.18101170378
100, 0, 6, 0, 7319.453125, 240.34575168965
100, 0, 6, 0, 7332.0141601563, 240.55649692333
85.525268316269, 39.303159713745, 6, 0, 7306.5024414063, 240.40982944674
26.605266332626, 65.934216976166, 6, 0, 7193.0634765625, 239.14623695092
0, 67.268425226212, 6, 0, 7055.9555664063, 237.55288982516
0, 67.268425226212, 6, 0, 6952.7177734375, 234.84195850049
0, 66.857904195786, 6, 0, 6910.2993164063, 232.94992058675
40.000000596046, 68.089473247528, 0, 0, 6986.4609375, 230.4310028068
40.000000596046, 72.2052693367, 5, 0, 7239.009765625, 227.89958807893
40.000000596046, 70.96843123436, 5, 0, 7755.6596679688, 225.68598034949
0, 68.915796279907, 5, 0, 8140.5126953125, 223.62331103157
0, 66.447371244431, 5, 0, 8074.7734375, 221.04847284295
10.000000149012, 66.447371244431, 5, 0, 8014.1567382813, 219.09940215483
6.6666662693024, 67.268425226212, 5, 0, 7958.0815429688, 217.04813115204
23.999999463558, 67.843163013458, 5, 0, 7878.7036132813, 214.63920024662
0, 68.089473247528, 5, 0, 7740.8876953125, 212.21829424386
0, 68.833690881729, 5, 0, 7655.66796875, 210.30844474611
0, 69.326323270798, 5, 0, 7561.4731445313, 207.71053526903
0, 68.915796279907, 5, 0, 7507.6137695313, 205.65789097527
0, 70.96843123436, 5, 0, 7409.3081054688, 202.79137951556
40.000000596046, 70.96843123436, 0, 0, 7644.59765625, 201.05041734244
40.000000596046, 70.96843123436, 4, 0, 7887.021484375, 199.16271902819
40.000000596046, 70.96843123436, 4, 0, 8110.453125, 196.29940733646
40.000000596046, 68.505263328552, 4, 0, 8365.2353515625, 193.78705388739
0, 68.505263328552, 4, 0, 8508.9541015625, 190.994329352
0, 68.505263328552, 4, 0, 8444.0595703125, 189.10115160674
0, 68.089473247528, 4, 0, 8352.2890625, 186.87176476394
0, 68.915796279907, 4, 0, 8229.642578125, 184.45629699346
0, 69.736844301224, 4, 0, 8122.685546875, 182.27975438754
0, 69.736844301224, 4, 0, 8010.7465820313, 179.68477002025
0, 71.378946304321, 4, 0, 7935.86328125, 177.8346586801
0, 73.436850309372, 4, 0, 7826.3505859375, 175.18927453387
0, 73.847371339798, 4, 0, 7736.033203125, 173.25200041527
0, 74.917894601822, 4, 0, 7611.8051757813, 170.72109380507
0, 75.084209442139, 4, 0, 7495.345703125, 168.34594585774
0, 75.084209442139, 4, 0, 7389.8012695313, 165.70583514887
0, 75.084209442139, 4, 0, 7314.7368164063, 163.7160189174
0, 75.084209442139, 4, 0, 7198.3662109375, 161.11463501415
0, 75.084209442139, 4, 0, 7102.857421875, 159.09444158622
0, 75.164216756821, 4, 0, 6982.5146484375, 156.60739788989
0, 73.847371339798, 4, 0, 6883.2768554688, 154.74027147451
0, 72.2052693367, 4, 0, 6754.4360351563, 151.72289026783
0, 72.2052693367, 4, 0, 6686.8603515625, 149.88380645424
40.000000596046, 71.378946304321, 0, 0, 6778.1171875, 147.43844213914
40.000000596046, 71.378946304321, 3, 0, 7061.2817382813, 145.29499584582
40.000000596046, 71.378946304321, 3, 0, 7481.7250976563, 142.98752367794
0, 69.326323270798, 3, 0, 7833.9770507813, 141.00057762462
13.333334028721, 68.089473247528, 3, 0, 7857.7368164063, 139.12662595307
32.000002264977, 67.678958177567, 3, 0, 7772.3588867188, 136.73324070154
40.000000596046, 67.596852779388, 3, 0, 7692.134765625, 135.16579384365
0, 67.268425226212, 3, 0, 7528.7075195313, 132.84213057512
0, 67.268425226212, 3, 0, 7421.8251953125, 131.59942583509
0, 64.389479160309, 3, 0, 7241.3051757813, 128.95862848074
0, 64.389479160309, 3, 0, 7113.27734375, 126.87037475188
0, 63.568431138992, 3, 0, 6960.6860351563, 124.45880712777
0, 63.157898187637, 3, 0, 6893.2241210938, 123.26703775016
0, 63.157898187637, 3, 0, 6715.6762695313, 119.79875018335
0, 62.583160400391, 3, 0, 6584.9282226563, 117.68748009768
0, 61.428421735764, 3, 0, 6459.5698242188, 116.06470334623
0, 61.510527133942, 3, 0, 6288.5854492188, 113.84845889811
0, 61.100006103516, 3, 0, 6168.2802734375, 111.75150537089
0, 58.84211063385, 3, 0, 6046.826171875, 109.40634323209
0, 59.047377109528, 3, 0, 5942.5102539063, 107.26024648719
0, 58.636844158173, 3, 0, 5847.7197265625, 105.52514826655
0, 56.414741277695, 3, 0, 5723.8686523438, 103.29546616619
0, 54.93158698082, 3, 0, 5651.2065429688, 101.32607763804
0, 52.057898044586, 3, 0, 5539.4541015625, 98.442111649987
0, 50.821053981781, 3, 0, 5431.3208007813, 96.390675852281
0, 41.139999032021, 3, 0, 5317.84765625, 94.419680573684
0, 15.913684666157, 3, 0, 5245.142578125, 92.413254387822
0, 7.3921069502831, 3, 0, 5176.279296875, 90.868171573528
0, 0, 3, 0, 5124.2177734375, 89.522449410691
0, 0, 3, 0, 5069.7436523438, 88.419229835425
0, 0, 3, 0, 4984.8227539063, 87.579311339608
0, 0, 3, 0, 4923.1450195313, 86.791110982071
0, 0, 3, 0, 4858.9755859375, 85.722134417371
0, 0, 3, 0, 4808.7119140625, 84.942956581567
11.401056498289, 0, 3, 0, 4817.4067382813, 83.86953742055
28.273686766624, 0, 3, 0, 4907.3544921875, 83.429116137051
40.594738721848, 0, 3, 0, 4984.7534179688, 83.19398812204
53.453689813614, 0, 3, 0, 5045.2490234375, 83.171012963957
64.885264635086, 0, 3, 0, 5093.626953125, 83.264067160711
76.726317405701, 0, 3, 0, 5206.1049804688, 83.48809898461
87.142109870911, 0, 3, 0, 5308.6176757813, 83.839002295626
93.830537796021, 0, 3, 0, 5385.1586914063, 84.23510061277
100, 0, 3, 0, 5459.5571289063, 84.67709431444
100, 0, 3, 0, 5551.109375, 85.107909427539
100, 0, 3, 0, 5617.8833007813, 85.541196464401
100, 0, 3, 0, 5667.3022460938, 85.959253704303
100, 0, 3, 0, 5821.998046875, 86.378766632643
100, 0, 3, 0, 6005.8359375, 86.486988828262
100, 0, 3, 0, 6199.9658203125, 86.595719141544
100, 0, 3, 0, 6325.6762695313, 86.803889454633
100, 0, 3, 0, 6448.3813476563, 87.022009260866
100, 0, 3, 0, 6543.0874023438, 87.332537817093
100, 0, 3, 0, 6662.4912109375, 87.669309963933
100, 0, 3, 0, 6734.03515625, 88.135205795097
100, 0, 3, 0, 6816.6508789063, 88.861759120577
100, 0, 3, 0, 6857.4897460938, 89.601496039457
100, 0, 3, 0, 6788.0859375, 90.575131877922
92.270535230637, 0, 3, 0, 6679.7607421875, 91.726464702647
73.436844348907, 0, 3, 0, 6414.56640625, 93.2034734831
73.026323318481, 0, 3, 0, 5997.6323242188, 94.852068104954
87.109220027924, 0, 3, 0, 5971.1596679688, 96.334714244877
97.284215688705, 0, 3, 0, 6207.4619140625, 97.103201010407
100, 0, 3, 0, 6429.5102539063, 97.94333923278
100, 0, 3, 0, 6629.4541015625, 98.818990759876
99.588423967361, 0, 3, 0, 6798.7709960938, 99.74408762868
99.095797538757, 0, 3, 0, 6920.4404296875, 100.47479515937
98.931586742401, 0, 3, 0, 7031.53515625, 101.73441884426
99.342113733292, 0, 3, 0, 7108.1435546875, 102.71513399773
99.342113733292, 0, 3, 0, 7186.1225585938, 103.72235366709
98.931586742401, 0, 3, 0, 7153.9169921875, 105.00880459126
97.284215688705, 0, 3, 0, 6960.8930664063, 106.6330438976
95.231586694717, 0, 3, 0, 6700.328125, 108.44361819046
94.821059703827, 0, 3, 0, 6696.8359375, 109.74450240282
95.231586694717, 0, 3, 0, 6817.3154296875, 110.83900158037
95.231586694717, 0, 3, 0, 6920.9794921875, 111.68677530059
96.463161706924, 0, 3, 0, 7058.853515625, 113.03263479252
97.284215688705, 0, 3, 0, 7103.59765625, 114.19513933936
99.588423967361, 0, 3, 0, 7129.1567382813, 115.40030517047
100, 0, 3, 0, 7140.89453125, 116.71179805565
100, 0, 3, 0, 7142.193359375, 118.06519004861
100, 0, 3, 0, 7232.5200195313, 119.54256275117
100, 0, 3, 0, 7345.974609375, 120.59914536478
100, 0, 3, 0, 7424.5014648438, 121.52076094096
100, 0, 3, 0, 7499.68359375, 122.60582560948
100, 0, 3, 0, 7616.2109375, 123.61555153488
100, 0, 3, 0, 7717.6958007813, 124.93934910723
100, 0, 3, 0, 7774.8095703125, 125.99433870331
100, 0, 3, 0, 7828.9282226563, 126.88759582076
100, 0, 3, 0, 7817.3178710938, 128.08259243217
100, 0, 3, 0, 7827.0830078125, 129.25948906847
100, 0, 3, 0, 7806.4794921875, 130.80751759191
100, 0, 3, 0, 7829.361328125, 131.95370744192
100, 0, 3, 0, 7902.4897460938, 132.98671064942
100, 0, 3, 0, 7995.6577148438, 133.9724314485
100, 0, 3, 0, 7973.705078125, 134.81044106986
100, 0, 3, 0, 7975.9560546875, 135.40400489691
0, 0, 0, 0, 7620.8544921875, 135.20243324697
0, 0, 4, 0, 7230.8916015625, 135.09465737092
100, 0, 4, 0, 6324.2919921875, 135.46381171905
100, 0, 4, 0, 6450.3745117188, 136.3243845112
100, 0, 4, 0, 6475.5126953125, 137.23033083729
100, 0, 4, 0, 6513.5537109375, 138.60554442391
100, 0, 4, 0, 6557.2880859375, 139.62443020014
100, 0, 4, 0, 6613.0009765625, 140.57680749425
100, 0, 4, 0, 6652.5654296875, 141.56620871315
100, 0, 4, 0, 6681.5405273438, 142.45426105779
100, 0, 4, 0, 6762.4248046875, 143.59811631314
100, 0, 4, 0, 6793.541015625, 144.60705946268
100, 0, 4, 0, 6853.96875, 145.52189098141
100, 0, 4, 0, 6906.12890625, 146.44720071032
100, 0, 4, 0, 6957.8291015625, 147.25410529099
100, 0, 4, 0, 7010.8232421875, 148.40918033364
100, 0, 4, 0, 7038.279296875, 149.38984742191
100, 0, 4, 0, 7060.9057617188, 150.3393957366
100, 0, 4, 0, 7086.0927734375, 151.14513301995
100, 0, 4, 0, 7122.9150390625, 152.05566613792
100, 0, 4, 0, 7179.7915039063, 153.22319692974
100, 0, 4, 0, 7215.9106445313, 153.95573780389
100, 0, 4, 0, 7271.9575195313, 154.83642930888
100, 0, 4, 0, 7318.7685546875, 155.69744155414
100, 0, 4, 0, 7355.4047851563, 156.59753766066
100, 0, 4, 0, 7379.8818359375, 157.32631571753
100, 0, 4, 0, 7423.9926757813, 158.43019447247
100, 0, 4, 0, 7478.6938476563, 159.28071477464
100, 0, 4, 0, 7516.1235351563, 160.12806277466
100, 0, 4, 0, 7538.8662109375, 160.87165864119
100, 0, 4, 0, 7594.904296875, 161.95274076587
100, 0, 4, 0, 7633.451171875, 162.81018245458
100, 0, 4, 0, 7659.025390625, 163.62799096563
100, 0, 4, 0, 7690.3134765625, 164.36121848527
100, 0, 4, 0, 7755.8095703125, 165.33548603759
100, 0, 4, 0, 7784.1469726563, 166.18279283887
100, 0, 4, 0, 7808.197265625, 167.0294679263
100, 0, 4, 0, 7858.1552734375, 167.91346906255
100, 0, 4, 0, 7891.8916015625, 168.67582408386
100, 0, 4, 0, 7915.9848632813, 169.38945474123
0, 0, 0, 0, 7763.990234375, 169.62916268165
0, 0, 5, 0, 7369.8623046875, 169.34307870486
0, 0, 5, 0, 6626.5502929688, 169.43809670771
100, 0, 5, 0, 6439.517578125, 169.85078437989
100, 0, 5, 0, 6478.7021484375, 170.59638525125
100, 0, 5, 0, 6506.1665039063, 171.36783145884
100, 0, 5, 0, 6534.8032226563, 172.12308656578
100, 0, 5, 0, 6563.6245117188, 172.95157928065
100, 0, 5, 0, 6590.7749023438, 173.69490048899
100, 0, 5, 0, 6623.2358398438, 174.41354365843
100, 0, 5, 0, 6655.8740234375, 175.01652826159
100, 0, 5, 0, 6680.6157226563, 175.7333037553
100, 0, 5, 0, 6697.5927734375, 176.69456624204
100, 0, 5, 0, 6730.1362304688, 177.38806445365
100, 0, 5, 0, 6763.0512695313, 177.99717393459
100, 0, 5, 0, 6800.6967773438, 178.87765944593
100, 0, 5, 0, 6806.6494140625, 179.60386944867
100, 0, 5, 0, 6826.7631835938, 180.40044688118
100, 0, 5, 0, 6858.6567382813, 181.08983895276
100, 0, 5, 0, 6878.33984375, 181.74977393283
100, 0, 5, 0, 6900.087890625, 182.34778722266
100, 0, 5, 0, 6920.5869140625, 182.91944705859
100, 0, 5, 0, 6950.7387695313, 183.78179139609
100, 0, 5, 0, 6976.462890625, 184.31217010519
100, 0, 5, 0, 7017.3837890625, 185.11550412932
100, 0, 5, 0, 7037.7768554688, 185.78365138945
100, 0, 5, 0, 7055.0830078125, 186.15125391877
100, 0, 5, 0, 7081.5092773438, 187.05450859455
100, 0, 5, 0, 7100.6137695313, 187.68543966915
100, 0, 5, 0, 7132.9799804688, 188.28961903547
100, 0, 5, 0, 7156.9077148438, 188.99082140947
100, 0, 5, 0, 7185.8369140625, 189.6285365415
100, 0, 5, 0, 7181.2622070313, 190.16646835098
100, 0, 5, 0, 7215.1020507813, 190.93603314993
100, 0, 5, 0, 7255.63671875, 191.51604259501
100, 0, 5, 0, 7268.046875, 192.01245981819
100, 0, 5, 0, 7284.439453125, 192.62766671107
100, 0, 5, 0, 7305.7446289063, 193.18662360545
100, 0, 5, 0, 7334.939453125, 193.93204594898
100, 0, 5, 0, 7350.8720703125, 194.42441196377
100, 0, 5, 0, 7365.716796875, 194.99549501749
100, 0, 5, 0, 7380.1181640625, 195.58132721633
100, 0, 5, 0, 7395.3666992188, 196.03953948446
100, 0, 5, 0, 7430.5659179688, 196.73402646557
100, 0, 5, 0, 7476.748046875, 197.23048488748
100, 0, 5, 0, 7516.232421875, 197.73306818716
100, 0, 5, 0, 7521.7954101563, 198.37236260381
100, 0, 5, 0, 7512.3442382813, 198.96930472667
100, 0, 5, 0, 7529.6728515625, 199.51619039334
100, 0, 5, 0, 7550.7373046875, 200.10945209637
100, 0, 5, 0, 7572.9228515625, 200.62041247102
100, 0, 5, 0, 7601.0922851563, 201.11582719178
100, 0, 5, 0, 7621.3095703125, 201.62292861878
100, 0, 5, 0, 7639.11328125, 202.14565809712
100, 0, 5, 0, 7654.9189453125, 202.55616223663
100, 0, 5, 0, 7667.7270507813, 203.20522075215
100, 0, 5, 0, 7678.5766601563, 203.70503000405
100, 0, 5, 0, 7693.1259765625, 204.21007149458
100, 0, 5, 0, 7720.9057617188, 204.68402167733
100, 0, 5, 0, 7740.28515625, 205.13473577672
100, 0, 5, 0, 7753.666015625, 205.55705021866
100, 0, 5, 0, 7781.9321289063, 206.13379123121
100, 0, 5, 0, 7810.3637695313, 206.56872621725
100, 0, 5, 0, 7831.7973632813, 207.02773499415
100, 0, 5, 0, 7855.8466796875, 207.39520019438
100, 0, 5, 0, 7872.0869140625, 207.98879148725
100, 0, 5, 0, 7882.9086914063, 208.42807980569
100, 0, 5, 0, 7896.0634765625, 208.89081020115
100, 0, 5, 0, 7907.2729492188, 209.33765161997
100, 0, 5, 0, 7921.7099609375, 209.84038598166
100, 0, 5, 0, 7931.0385742188, 210.29830985868
100, 0, 5, 0, 7941.888671875, 210.72006125132
100, 0, 5, 0, 7973.556640625, 211.11363271306
100, 0, 5, 0, 7963.37890625, 211.50654499513
0, 0, 0, 0, 7742.6279296875, 211.26785329003
0, 0, 6, 0, 7325.3295898438, 210.77447103992
0, 0, 6, 0, 6481.04296875, 210.68800863987
100, 0, 6, 0, 6449.8193359375, 210.91815847508
100, 0, 6, 0, 6444.166015625, 211.28920796476
100, 0, 6, 0, 6459.6103515625, 211.8031071821
100, 0, 6, 0, 6492.9809570313, 212.16948748246
100, 0, 6, 0, 6526.2954101563, 212.49568528876
100, 0, 6, 0, 6550.8388671875, 212.85515793548
100, 0, 6, 0, 6553.8701171875, 213.21751449327
100, 0, 6, 0, 6530.9189453125, 213.65901381018
100, 0, 6, 0, 6538.3994140625, 214.16273694137
100, 0, 6, 0, 6558.44140625, 214.5331547172
100, 0, 6, 0, 6578.4819335938, 214.87658732529
100, 0, 6, 0, 6604.0161132813, 215.2235492912
100, 0, 6, 0, 6617.7133789063, 215.53856850893
100, 0, 6, 0, 6635.7221679688, 216.01946754404
100, 0, 6, 0, 6619.9125976563, 216.45296057455
100, 0, 6, 0, 6620.4755859375, 216.82394139968
100, 0, 6, 0, 6631.2900390625, 217.14714543165
100, 0, 6, 0, 6639.2729492188, 217.50097385245
100, 0, 6, 0, 6659.3530273438, 217.96139711906
100, 0, 6, 0, 6673.4907226563, 218.3245364527
100, 0, 6, 0, 6691.7094726563, 218.65223114617
100, 0, 6, 0, 6715.8911132813, 218.98359252655
100, 0, 6, 0, 6736.20703125, 219.33191405053
100, 0, 6, 0, 6737.7338867188, 219.70212583271
100, 0, 6, 0, 6726.6049804688, 220.09094570767
100, 0, 6, 0, 6730.5439453125, 220.449869038
100, 0, 6, 0, 6744.966796875, 220.73578821988
100, 0, 6, 0, 6767.6987304688, 221.16976190223
100, 0, 6, 0, 6781.7495117188, 221.50528435428
100, 0, 6, 0, 6785.677734375, 221.8087953936
100, 0, 6, 0, 6794.3984375, 222.27320120406
100, 0, 6, 0, 6806.5356445313, 222.59415303882
100, 0, 6, 0, 6812.69140625, 222.93596516355
100, 0, 6, 0, 6816.708984375, 223.23035755077
100, 0, 6, 0, 6843.904296875, 223.63318499371
100, 0, 6, 0, 6841.91015625, 223.98444536038
100, 0, 6, 0, 6848.9423828125, 224.26634079969
100, 0, 6, 0, 6864.541015625, 224.58571334983
100, 0, 6, 0, 6885.7905273438, 224.93159041586
100, 0, 6, 0, 6906.9760742188, 225.22304396038
100, 0, 6, 0, 6907.6552734375, 225.5726838437
100, 0, 6, 0, 6915.6928710938, 225.89470684542
100, 0, 6, 0, 6914.1806640625, 226.29096995748
100, 0, 6, 0, 6908.2387695313, 226.63243875947
100, 0, 6, 0, 6909.76953125, 226.99715737774
100, 0, 6, 0, 6922.5522460938, 227.30105293854
100, 0, 6, 0, 6937.1137695313, 227.53804176283
100, 0, 6, 0, 6957.9282226563, 227.82245032463
100, 0, 6, 0, 6974.2314453125, 228.06051031588
100, 0, 6, 0, 6987.953125, 228.43743749095
100, 0, 6, 0, 6995.357421875, 228.72453770308
100, 0, 6, 0, 6993.1474609375, 229.07354587254
100, 0, 6, 0, 6992.5327148438, 229.38283846689
100, 0, 6, 0, 6995.2553710938, 229.6277099814
100, 0, 6, 0, 7004.9775390625, 229.97372437653
100, 0, 6, 0, 7023.7338867188, 230.23024139854
100, 0, 6, 0, 7046.8271484375, 230.42811889574
100, 0, 6, 0, 7063.896484375, 230.63087157592
100, 0, 6, 0, 7058.611328125, 231.00102842646
100, 0, 6, 0, 7055.8310546875, 231.28244321393
100, 0, 6, 0, 7058.046875, 231.5755035089
100, 0, 6, 0, 7069.07421875, 231.81258846356
100, 0, 6, 0, 7090.5795898438, 231.99559321945
100, 0, 6, 0, 7117.6362304688, 232.2134521004
100, 0, 6, 0, 7100.9873046875, 232.52546381088
100, 0, 6, 0, 7090.4248046875, 232.76749261306
100, 0, 6, 0, 7086.0126953125, 232.96714165563
100, 0, 6, 0, 7089.9228515625, 233.2150481432
100, 0, 6, 0, 7104.1123046875, 233.35649711406
100, 0, 6, 0, 7128.1748046875, 233.51000357972
100, 0, 6, 0, 7146.583984375, 233.69682608454
100, 0, 6, 0, 7159.794921875, 233.86980581628
100, 0, 6, 0, 7186.2553710938, 234.01284780468
100, 0, 6, 0, 7171.8842773438, 234.24660939517
100, 0, 6, 0, 7147.962890625, 234.45815113761
100, 0, 6, 0, 7141.5087890625, 234.62621448765
100, 0, 6, 0, 7168.0034179688, 234.7767546448
100, 0, 6, 0, 7200.830078125, 234.89351184385
100, 0, 6, 0, 7208.9697265625, 235.03973986732
100, 0, 6, 0, 7182.7099609375, 235.30151659379
100, 0, 6, 0, 7181.458984375, 235.45227647749
100, 0, 6, 0, 7189.8256835938, 235.6026243739
100, 0, 6, 0, 7190.6552734375, 235.78612351454
100, 0, 6, 0, 7190.2631835938, 235.94284348109
100, 0, 6, 0, 7199.091796875, 236.07152084585
100, 0, 6, 0, 7222.5463867188, 236.18586105278
100, 0, 6, 0, 7217.4755859375, 236.39951766333
100, 0, 6, 0, 7212.6264648438, 236.5364897056
100, 0, 6, 0, 7215.9799804688, 236.65280745154
100, 0, 6, 0, 7223.3735351563, 236.81881086512
100, 0, 6, 0, 7238.560546875, 236.91376020342
100, 0, 6, 0, 7238.638671875, 237.07355634177
100, 0, 6, 0, 7235.1064453125, 237.23955975534
100, 0, 6, 0, 7242.2192382813, 237.36279888781
100, 0, 6, 0, 7248.7900390625, 237.47183819157
100, 0, 6, 0, 7256.3486328125, 237.59493999495
100, 0, 6, 0, 7253.5908203125, 237.76020183139
100, 0, 6, 0, 7255.26171875, 237.86816996818
100, 0, 6, 0, 7260.2104492188, 238.02557658022
100, 0, 6, 0, 7265.1435546875, 238.13230875512
100, 0, 6, 0, 7271.4399414063, 238.24434183321
100, 0, 6, 0, 7276.1176757813, 238.38222024753
100, 0, 6, 0, 7271.7373046875, 238.51062295409
100, 0, 6, 0, 7268.642578125, 238.64608437628
100, 0, 6, 0, 7278.6044921875, 238.72856423249
100, 0, 6, 0, 7294.0400390625, 238.83059975225
100, 0, 6, 0, 7297.9692382813, 238.94329201001
100, 0, 6, 0, 7317.4262695313, 239.04150978084
100, 0, 6, 0, 7308.6494140625, 239.18249183277
100, 0, 6, 0, 7304.3833007813, 239.29194312382
100, 0, 6, 0, 7300.7211914063, 239.42086768095
100, 0, 6, 0, 7277.26953125, 239.55663122716
100, 0, 6, 0, 7279.6083984375, 239.6913236064
100, 0, 6, 0, 7330.4326171875, 239.7288968476
100, 0, 6, 0, 7365.8408203125, 239.78761876987
100, 0, 6, 0, 7363.0146484375, 239.90314000704
100, 0, 6, 0, 7337.4697265625, 240.06038182417
100, 0, 6, 0, 7309.9711914063, 240.23064243977
100, 0, 6, 0, 7303.9223632813, 240.34097263704
100, 0, 6, 0, 7315.2192382813, 240.42908298627
100, 0, 6, 0, 7327.8193359375, 240.48898593879
100, 0, 6, 0, 7346.2509765625, 240.50969516675
90.294742584229, 0, 6, 0, 7374.4555664063, 240.6006344954
37.04736828804, 26.436841487885, 6, 0, 7280.7734375, 240.46715061222
0, 60.689479112625, 6, 0, 7105.837890625, 238.67901589396
0, 63.157898187637, 6, 0, 7040.0068359375, 236.70048811434
0, 63.157898187637, 6, 0, 6965.51953125, 234.5713103143
0, 61.100006103516, 6, 0, 6875.0336914063, 232.06840510717
40.000000596046, 62.747371196747, 0, 0, 7089.7309570313, 230.02496186296
40.000000596046, 64.389479160309, 5, 0, 7538.4873046875, 227.55604560757
40.000000596046, 66.036850214005, 5, 0, 8154.6420898438, 225.24644483867
0, 66.036850214005, 5, 0, 8145.35546875, 223.20938739752
8.0000005662441, 66.036850214005, 5, 0, 8054.505859375, 220.66956812886
40.000000596046, 66.036850214005, 5, 0, 7976.50390625, 218.53330414737
0, 66.857904195786, 5, 0, 7905.2211914063, 216.19759711696
0, 67.268425226212, 5, 0, 7796.2602539063, 213.99152875499
0, 67.268425226212, 5, 0, 7721.2275390625, 211.85989276409
0, 66.857904195786, 5, 0, 7642.4057617188, 209.54297235428
0, 66.857904195786, 5, 0, 7572.376953125, 207.58649962779
40.000000596046, 66.447371244431, 0, 0, 7533.4008789063, 204.25337135915
40.000000596046, 66.447371244431, 0, 0, 7829.0537109375, 202.23919294571
40.000000596046, 66.447371244431, 4, 0, 8030.626953125, 200.34039844035
40.000000596046, 66.857904195786, 4, 0, 8072.4262695313, 197.6966622433
40.000000596046, 66.857904195786, 4, 0, 8400.5625, 195.1539865294
0, 69.12105679512, 4, 0, 8501.8876953125, 192.34059396477
40.000000596046, 73.847371339798, 4, 0, 8419.8681640625, 190.14974166685
23.999999463558, 73.847371339798, 4, 0, 8323.96875, 188.08639943636
0, 72.2052693367, 4, 0, 8245.4521484375, 185.78569759301
0, 72.2052693367, 4, 0, 8147.4482421875, 182.99175082864
0, 72.2052693367, 4, 0, 8038.7548828125, 180.5555875631
0, 72.2052693367, 4, 0, 7940.6362304688, 177.90079637366
0, 72.2052693367, 4, 0, 7847.8393554688, 175.84029685549
0, 72.615796327591, 4, 0, 7719.8286132813, 173.22329863381
0, 73.436850309372, 4, 0, 7629.7084960938, 171.26534275306
0, 73.436850309372, 4, 0, 7488.5849609375, 168.29277203102
0, 72.615796327591, 4, 0, 7386.49609375, 166.27054613244
0, 71.378946304321, 4, 0, 7306.2099609375, 163.88860039476
0, 69.736844301224, 4, 0, 7211.3623046875, 161.30528900079
0, 68.915796279907, 4, 0, 7111.6875, 159.01215399074
0, 68.915796279907, 4, 0, 6983.8828125, 156.55084576737
40.000000596046, 68.915796279907, 0, 0, 6961.5693359375, 154.40126086338
40.000000596046, 68.915796279907, 0, 0, 7198.7041015625, 152.6513860318
40.000000596046, 69.326323270798, 3, 0, 7525.3857421875, 150.25861876121
40.000000596046, 69.326323270798, 3, 0, 8043.169921875, 147.86814488654
40.000000596046, 70.96843123436, 3, 0, 8136.240234375, 145.13344189502
10.000000149012, 70.147377252579, 3, 0, 8030.5166015625, 142.9054146103
20.000000298023, 70.147377252579, 3, 0, 7970.7900390625, 141.03761528233
8.0000005662441, 70.147377252579, 3, 0, 7898.4370117188, 138.95611814509
0, 70.147377252579, 3, 0, 7713.1166992188, 136.68553257292
0, 70.147377252579, 3, 0, 7585.2783203125, 134.63409677521
0, 68.366664648056, 3, 0, 7468.9311523438, 132.72490645714
0, 67.678958177567, 3, 0, 7278.9150390625, 129.93994101577
0, 67.678958177567, 3, 0, 7154.34765625, 127.84252743608
0, 67.268425226212, 3, 0, 7051.4267578125, 125.98644228017
0, 67.268425226212, 3, 0, 6890.1918945313, 123.16423318746
0, 67.268425226212, 3, 0, 6789.2192382813, 121.2543699568
0, 67.268425226212, 3, 0, 6669.3603515625, 118.98670949441
0, 67.268425226212, 3, 0, 6530.6713867188, 116.83856654595
0, 67.268425226212, 3, 0, 6388.3725585938, 114.63729783595
0, 66.857904195786, 3, 0, 6220.8920898438, 111.87096108672
0, 66.857904195786, 3, 0, 6101.9560546875, 109.97512602342
0, 64.800000190735, 3, 0, 5969.994140625, 107.60912419401
0, 63.978952169418, 3, 0, 5851.8979492188, 105.36591517751
0, 64.389479160309, 3, 0, 5762.2177734375, 103.46250641445
0, 62.747371196747, 3, 0, 5600.2758789063, 100.57483940721
0, 60.689479112625, 3, 0, 5487.619140625, 98.600932751737
0, 59.868425130844, 3, 0, 5378.939453125, 96.406489297907
0, 60.114747285843, 3, 0, 5239.3701171875, 94.263935643728
0, 58.221054077148, 3, 0, 5160.04296875, 92.415245659742
0, 57.810533046722, 3, 0, 5005.7397460938, 89.366155164344
0, 57.071590423584, 3, 0, 4913.4633789063, 87.876573904976
0, 54.93158698082, 3, 0, 4762.212890625, 85.509597038968
0, 54.93158698082, 3, 0, 4691.1704101563, 83.354903492533
0, 52.140003442764, 3, 0, 4567.1889648438, 81.096382281611
0, 51.642107963562, 3, 0, 4462.525390625, 79.029599957212
0, 51.231580972672, 3, 0, 4346.5581054688, 77.034949741497
0, 48.409473896027, 3, 0, 4240.1606445313, 74.940749662697
0, 29.947373270988, 3, 0, 4128.2563476563, 72.784696558192
0, 15.410526096821, 3, 0, 4061.2143554688, 71.138402198728
0, 6.5578952431679, 3, 0, 4014.3227539063, 69.924570901538
0, 0, 3, 0, 3946.4638671875, 68.429956530731
0, 0, 3, 0, 3874.4997558594, 67.602871439116
0, 0, 3, 0, 3788.6687011719, 66.622410344484
0, 0, 3, 0, 3712.158203125, 65.310752664387
0, 0, 3, 0, 3656.6638183594, 64.454567536922
0, 0, 3, 0, 3586.7556152344, 63.135521551357
0, 0, 3, 0, 3514.3061523438, 61.682469832037
0, 0, 3, 0, 3445.5258789063, 60.231210257445
0, 0, 3, 0, 3357.2529296875, 59.220207171435
1.7115820199251, 0, 3, 0, 3308.9377441406, 57.936756888052
13.574741780758, 0, 3, 0, 3366.7180175781, 56.942250459929
19.505266845226, 0, 3, 0, 3426.4226074219, 56.434915573467
23.263157904148, 0, 3, 0, 3436.1071777344, 55.912913939346
26.854738593102, 0, 3, 0, 3382.9484863281, 55.692088749883
31.868422031403, 0, 3, 0, 3393.8666992188, 55.351828443956
33.70526432991, 0, 3, 0, 3391.5288085938, 55.098792714575
33.70526432991, 0, 3, 0, 3389.7897949219, 54.868292690163
35.541054606438, 0, 3, 0, 3396.109375, 54.568434604845
38.968425989151, 0, 3, 0, 3393.0087890625, 54.514038549157
43.227371573448, 0, 3, 0, 3415.6176757813, 54.290885631485
47.489479184151, 0, 3, 0, 3428.9851074219, 54.161161132358
50.54737329483, 0, 3, 0, 3549.0847167969, 53.900778296238
54.685270786285, 0, 3, 0, 3592.5834960938, 53.974585819918
57.646322250366, 0, 3, 0, 3539.3037109375, 54.250483410875
61.843156814575, 0, 3, 0, 3469.1428222656, 54.673978883055
67.268425226212, 0, 3, 0, 3488.1489257813, 54.911087870304
74.093693494797, 0, 3, 0, 3564.8850097656, 55.316895354671
77.547377347946, 0, 3, 0, 3621.8256835938, 55.636391500992
82.07368850708, 0, 3, 0, 3668.1958007813, 56.209719885463
83.715790510178, 0, 3, 0, 3685.9645996094, 56.774914954108
87.964922189713, 0, 3, 0, 3648.583984375, 57.710479733401
94.326323270798, 0, 3, 0, 3550.2990722656, 58.845978513135
100, 0, 3, 0, 3519.083984375, 59.684297124961
100, 0, 3, 0, 3558.3110351563, 60.696323312751
100, 0, 3, 0, 3610.5375976563, 61.468950550584
100, 0, 3, 0, 3681.1342773438, 62.461249413457
100, 0, 3, 0, 3731.8483886719, 63.220528262972
100, 0, 3, 0, 3807.1313476563, 64.38849850791
100, 0, 3, 0, 3852.9084472656, 65.175359906743
100, 0, 3, 0, 3916.6162109375, 66.221642838011
100, 0, 3, 0, 3964.5109863281, 67.05442708719
100, 0, 3, 0, 4034.1635742188, 68.119421108049
100, 0, 3, 0, 4109.6225585938, 69.202721097662
100, 0, 3, 0, 4163.1845703125, 70.043793157901
100, 0, 3, 0, 4241.5810546875, 71.174382422384
100, 0, 3, 0, 4293.958984375, 72.097618481911
100, 0, 3, 0, 4356.7827148438, 73.10177571239
100, 0, 3, 0, 4443.2866210938, 74.324073348467
100, 0, 3, 0, 4514.7700195313, 75.61349744761
100, 0, 3, 0, 4566.3286132813, 76.541471361015
100, 0, 3, 0, 4653.00390625, 77.806038893434
100, 0, 3, 0, 4705.6049804688, 78.803576861393
100, 0, 3, 0, 4791.1875, 80.155389569723
100, 0, 3, 0, 4895.0390625, 81.561419805913
100, 0, 3, 0, 4990.85546875, 82.519777782234
100, 0, 3, 0, 5237.3686523438, 83.629465558013
100, 0, 3, 0, 5374.1982421875, 84.561147357063
100, 0, 3, 0, 5435.2055664063, 86.096960457246
100, 0, 3, 0, 5434.4267578125, 87.333334325861
100, 0, 3, 0, 5446.3388671875, 89.027110220933
100, 0, 3, 0, 5519.962890625, 90.58257511503
100, 0, 3, 0, 5645.4858398438, 91.655280164738
100, 0, 3, 0, 5755.173828125, 93.178081332893
100, 0, 3, 0, 5777.1372070313, 94.903456653397
100, 0, 3, 0, 5782.1259765625, 96.243568922584
100, 0, 3, 0, 5884.5859375, 97.803847201563
100, 0, 3, 0, 6113.9453125, 98.980256319569
100, 0, 3, 0, 6311.8046875, 99.826045634321
100, 0, 3, 0, 6710.2241210938, 100.78930625944
100, 0, 3, 0, 6871.4047851563, 102.27401920228
100, 0, 3, 0, 6710.1201171875, 104.07761031051
100, 0, 3, 0, 6595.2958984375, 105.7003046645
100, 0, 3, 0, 6554.626953125, 107.54238225242
100, 0, 3, 0, 6816.2421875, 108.7972886828
100, 0, 3, 0, 6982.7768554688, 109.73407225783
100, 0, 3, 0, 7232.1865234375, 110.62742550565
100, 0, 3, 0, 7151.6962890625, 112.38501823253
100, 0, 3, 0, 7009.2587890625, 113.86882480333
100, 0, 3, 0, 6877.384765625, 115.65634154065
100, 0, 3, 0, 6913.5747070313, 117.29477380925
100, 0, 3, 0, 7165.2045898438, 118.26510001646
0, 0, 0, 0, 6944.7934570313, 118.33767844471
0, 0, 4, 0, 6582.455078125, 118.18535300929
0, 0, 4, 0, 5655.52734375, 118.55413656886
100, 0, 4, 0, 5591.8256835938, 119.32496479551
100, 0, 4, 0, 5728.1064453125, 120.45828690904
100, 0, 4, 0, 5840.6450195313, 121.23252089732
100, 0, 4, 0, 5866.4140625, 122.38883190185
100, 0, 4, 0, 5772.5380859375, 123.94113136024
100, 0, 4, 0, 5842.306640625, 124.79899876915
100, 0, 4, 0, 6017.6684570313, 125.8250668572
100, 0, 4, 0, 6166.986328125, 126.87610137526
100, 0, 4, 0, 6143.0327148438, 127.98074917314
100, 0, 4, 0, 6092.4125976563, 129.39743614733
100, 0, 4, 0, 6145.2329101563, 130.60495717247
100, 0, 4, 0, 6207.2001953125, 131.48459124341
100, 0, 4, 0, 6261.9848632813, 132.69560042764
100, 0, 4, 0, 6303.046875, 133.76638286998
100, 0, 4, 0, 6356.8022460938, 134.64980722401
100, 0, 4, 0, 6409.6020507813, 135.84171393072
100, 0, 4, 0, 6444.2768554688, 137.09621524026
100, 0, 4, 0, 6476.7416992188, 138.00128266013
100, 0, 4, 0, 6514.9736328125, 139.07648709942
100, 0, 4, 0, 6604.8442382813, 140.15262537658
100, 0, 4, 0, 6759.5673828125, 141.12222373957
100, 0, 4, 0, 6812.56640625, 141.95597615888
100, 0, 4, 0, 6805.7685546875, 143.1962776397
100, 0, 4, 0, 6789.1801757813, 144.29278182208
100, 0, 4, 0, 6785.6640625, 145.2164298689
100, 0, 4, 0, 6818.9580078125, 146.39513924929
100, 0, 4, 0, 6890.1513671875, 147.49157476712
100, 0, 4, 0, 6946.5073242188, 148.25280368983
100, 0, 4, 0, 7057.3706054688, 149.25497651484
100, 0, 4, 0, 7131.3671875, 150.02996581316
100, 0, 4, 0, 7182.1762695313, 151.0941564588
100, 0, 4, 0, 7188.1796875, 152.23223015912
100, 0, 4, 0, 7196.72265625, 153.07986655024
100, 0, 4, 0, 7228.5717773438, 154.0208180634
100, 0, 4, 0, 7265.435546875, 155.0837040826
100, 0, 4, 0, 7311.0229492188, 156.12601820294
100, 0, 4, 0, 7361.4497070313, 156.87691997748
100, 0, 4, 0, 7412.78515625, 157.78833200168
100, 0, 4, 0, 7465.755859375, 158.79294928463
100, 0, 4, 0, 7508.5751953125, 159.56965519668
100, 0, 4, 0, 7526.7426757813, 160.7566729875
100, 0, 4, 0, 7569.3037109375, 161.46240722173
100, 0, 4, 0, 7631.4379882813, 162.31677273865
0, 0, 0, 0, 7424.5219726563, 162.5797991599
0, 0, 5, 0, 7181.2583007813, 162.43155239869
0, 0, 5, 0, 6442.8251953125, 162.52272518681
100, 0, 5, 0, 6190.5634765625, 163.00642573552
100, 0, 5, 0, 6232.0903320313, 163.99721397831
100, 0, 5, 0, 6263.2954101563, 164.67692434849
100, 0, 5, 0, 6297.5390625, 165.51195392842
100, 0, 5, 0, 6338.0209960938, 166.4177354596
100, 0, 5, 0, 6370.3447265625, 167.33972182434
100, 0, 5, 0, 6384.7177734375, 168.05640118767
100, 0, 5, 0, 6428.2314453125, 168.94750223829
100, 0, 5, 0, 6452.970703125, 169.66694191649
100, 0, 5, 0, 6498.0712890625, 170.54983068705
100, 0, 5, 0, 6543.9423828125, 171.42475436993
100, 0, 5, 0, 6584.810546875, 172.08169557567
100, 0, 5, 0, 6612.4790039063, 172.9876831005
100, 0, 5, 0, 6634.8256835938, 173.69315640944
100, 0, 5, 0, 6604.2885742188, 174.69575495466
100, 0, 5, 0, 6647.0004882813, 175.33036644908
100, 0, 5, 0, 6710.7006835938, 176.18054342851
100, 0, 5, 0, 6739.5883789063, 176.95010822746
100, 0, 5, 0, 6757.791015625, 177.84538408265
100, 0, 5, 0, 6774.1606445313, 178.51447891356
100, 0, 5, 0, 6804.271484375, 179.40479718831
100, 0, 5, 0, 6836.5009765625, 180.25710276876
100, 0, 5, 0, 6878.453125, 180.8684644469
100, 0, 5, 0, 6938.6889648438, 181.6615125216
100, 0, 5, 0, 6911.4204101563, 182.50279057548
100, 0, 5, 0, 6915.2583007813, 183.16869937132
100, 0, 5, 0, 6950.263671875, 184.03737458024
100, 0, 5, 0, 6995.8989257813, 184.83304564071
100, 0, 5, 0, 7034.1323242188, 185.50560116488
100, 0, 5, 0, 7059.87109375, 186.13936121889
100, 0, 5, 0, 7085.6459960938, 186.95256920516
100, 0, 5, 0, 7104.501953125, 187.76819418356
100, 0, 5, 0, 7130.3251953125, 188.48727680611
100, 0, 5, 0, 7156.5668945313, 189.05219378333
100, 0, 5, 0, 7190.951171875, 189.84529678966
100, 0, 5, 0, 7212.6396484375, 190.53059645413
100, 0, 5, 0, 7230.080078125, 191.31360577176
100, 0, 5, 0, 7249.78515625, 191.89133555382
100, 0, 5, 0, 7286.99609375, 192.62777657435
100, 0, 5, 0, 7315.244140625, 193.20313056302
100, 0, 5, 0, 7339.341796875, 193.85496312632
100, 0, 5, 0, 7362.5810546875, 194.62055911434
100, 0, 5, 0, 7374.826171875, 195.37422120375
100, 0, 5, 0, 7398.740234375, 195.91432281297
100, 0, 5, 0, 7435.8012695313, 196.5172524845
100, 0, 5, 0, 7451.8471679688, 197.24909298025
100, 0, 5, 0, 7476.060546875, 197.77510462403
100, 0, 5, 0, 7514.14453125, 198.56403282579
100, 0, 5, 0, 7517.9116210938, 199.11698843858
100, 0, 5, 0, 7543.4990234375, 199.71353230705
100, 0, 5, 0, 7586.5986328125, 200.36574939183
100, 0, 5, 0, 7617.5708007813, 200.85902177866
100, 0, 5, 0, 7626.1528320313, 201.67117233088
100, 0, 5, 0, 7632.451171875, 202.19781568851
100, 0, 5, 0, 7648.3061523438, 202.87271954026
100, 0, 5, 0, 7665.4814453125, 203.39167246841
100, 0, 5, 0, 7689.4624023438, 203.93660806188
100, 0, 5, 0, 7721.6416015625, 204.60270911845
100, 0, 5, 0, 7744.7573242188, 205.23799352545
100, 0, 5, 0, 7765.4028320313, 205.77287662896
100, 0, 5, 0, 7785.7265625, 206.25977694565
100, 0, 5, 0, 7809.3862304688, 206.87609620423
100, 0, 5, 0, 7829.8017578125, 207.43038390927
100, 0, 5, 0, 7856.0888671875, 208.02894651548
0, 0, 0, 0, 7776.6728515625, 208.33336392685
0, 0, 0, 0, 7535.62109375, 208.03862821689
0, 0, 6, 0, 7038.2412109375, 207.78110869246
100, 0, 6, 0, 6347.05859375, 207.92936918658
100, 0, 6, 0, 6373.6674804688, 208.30838376394
100, 0, 6, 0, 6385.5307617188, 208.90875911425
100, 0, 6, 0, 6399.7534179688, 209.41737116132
100, 0, 6, 0, 6414.7846679688, 209.85344597887
100, 0, 6, 0, 6430.76953125, 210.39242148949
100, 0, 6, 0, 6443.5629882813, 210.85296835229
100, 0, 6, 0, 6463.408203125, 211.40336964386
100, 0, 6, 0, 6470.3735351563, 211.81703235263
100, 0, 6, 0, 6482.7270507813, 212.30065050388
100, 0, 6, 0, 6509.0634765625, 212.81021012173
100, 0, 6, 0, 6535.5571289063, 213.23398025211
100, 0, 6, 0, 6549.427734375, 213.7932392705
100, 0, 6, 0, 6550.3247070313, 214.19044995333
100, 0, 6, 0, 6562.140625, 214.71227305963
100, 0, 6, 0, 6574.2666015625, 215.178821204
100, 0, 6, 0, 6592.005859375, 215.68237954027
100, 0, 6, 0, 6600.8129882813, 216.06931800659
100, 0, 6, 0, 6619.310546875, 216.57788885493
100, 0, 6, 0, 6636.6796875, 217.00538060386
100, 0, 6, 0, 6655.9809570313, 217.36434513292
100, 0, 6, 0, 6694.212890625, 217.83239016447
100, 0, 6, 0, 6697.2641601563, 218.26891816804
100, 0, 6, 0, 6686.228515625, 218.81978637855
100, 0, 6, 0, 6686.5708007813, 219.20287963012
100, 0, 6, 0, 6705.9213867188, 219.67089719585
100, 0, 6, 0, 6732.2075195313, 220.07857235594
100, 0, 6, 0, 6781.865234375, 220.48830745251
100, 0, 6, 0, 6797.1469726563, 220.84164148856
100, 0, 6, 0, 6772.4975585938, 221.38944726018
100, 0, 6, 0, 6760.9282226563, 221.78366416868
100, 0, 6, 0, 6785.9731445313, 222.24147818244
100, 0, 6, 0, 6812.49609375, 222.61038533819
100, 0, 6, 0, 6835.3120117188, 222.95265064895
100, 0, 6, 0, 6845.0458984375, 223.42157458672
100, 0, 6, 0, 6846.2446289063, 223.91123521828
100, 0, 6, 0, 6859.236328125, 224.23280503398
100, 0, 6, 0, 6864.8481445313, 224.71088882258
100, 0, 6, 0, 6888.0859375, 225.14119581802
100, 0, 6, 0, 6915.22265625, 225.50709546653
100, 0, 6, 0, 6926.1391601563, 225.86067669496
100, 0, 6, 0, 6939.17578125, 226.30971537935
100, 0, 6, 0, 6947.9765625, 226.76927347265
100, 0, 6, 0, 6932.3662109375, 227.15266884823
100, 0, 6, 0, 6938.0361328125, 227.60449531331
100, 0, 6, 0, 6965.3696289063, 227.97208410973
100, 0, 6, 0, 6985.1318359375, 228.27472997573
100, 0, 6, 0, 7008.744140625, 228.76053165964
100, 0, 6, 0, 7015.1328125, 229.168014559
100, 0, 6, 0, 7018.892578125, 229.54830629698
100, 0, 6, 0, 7031.9047851563, 229.87996980137
100, 0, 6, 0, 7043.8671875, 230.31225433582
100, 0, 6, 0, 7049.40234375, 230.64534606284
100, 0, 6, 0, 7053.3720703125, 231.0842498598
100, 0, 6, 0, 7063.7880859375, 231.45506589002
100, 0, 6, 0, 7080.9482421875, 231.8774352636
100, 0, 6, 0, 7097.9448242188, 232.18884272605
100, 0, 6, 0, 7107.044921875, 232.60692743177
100, 0, 6, 0, 7125.2221679688, 232.93223259893
100, 0, 6, 0, 7135.8686523438, 233.24462883089
100, 0, 6, 0, 7162.875, 233.6106658085
100, 0, 6, 0, 7151.521484375, 234.05888051831
100, 0, 6, 0, 7154.2841796875, 234.34724415813
100, 0, 6, 0, 7171.578125, 234.73335864985
100, 0, 6, 0, 7202.009765625, 235.08552538857
100, 0, 6, 0, 7207.1616210938, 235.38594652319
100, 0, 6, 0, 7203.3447265625, 235.75972886192
100, 0, 6, 0, 7208.9243164063, 236.14996322658
100, 0, 6, 0, 7224.9331054688, 236.52108138082
100, 0, 6, 0, 7241.298828125, 236.79444868314
100, 0, 6, 0, 7263.1469726563, 237.15529462085
100, 0, 6, 0, 7271.087890625, 237.50394573466
100, 0, 6, 0, 7272.4379882813, 237.79055156203
100, 0, 6, 0, 7278.6943359375, 238.1816373671
100, 0, 6, 0, 7285.5458984375, 238.55964944205
100, 0, 6, 0, 7289.9609375, 238.84191566992
100, 0, 6, 0, 7314.16015625, 239.18095374688
100, 0, 6, 0, 7324.8168945313, 239.46157202558
100, 0, 6, 0, 7353.9028320313, 239.79366125018
100, 0, 6, 0, 7380.7602539063, 240.13080418558
100, 0, 6, 0, 7356.6943359375, 240.45737278045
100, 0, 6, 0, 7336.4052734375, 240.84892550445
100, 0, 6, 0, 7351.447265625, 241.10520906699
100, 0, 6, 0, 7370.4633789063, 241.43441438054
100, 0, 6, 0, 7388.1967773438, 241.76831634923
100, 0, 6, 0, 7407.19140625, 242.01152618166
100, 0, 6, 0, 7416.0727539063, 242.36652189979
100, 0, 6, 0, 7417.6611328125, 242.65414396249
81.497901678085, 22.92842566967, 6, 0, 7401.16796875, 242.88958096797
40.000000596046, 57.155793905258, 0, 0, 7458.7739257813, 242.19568450197
40.000000596046, 66.775798797607, 0, 0, 7686.2456054688, 240.70635043498
40.000000596046, 72.615796327591, 5, 0, 7918.67578125, 238.32352579107
40.000000596046, 72.2052693367, 5, 0, 8094.7299804688, 236.33178695224
0, 76.315796375275, 5, 0, 8367.2041015625, 233.49107963003
0, 78.784215450287, 5, 0, 8355.751953125, 230.80464781643
0, 79.851585626602, 5, 0, 8299.44140625, 228.79066166373
0, 80.836850404739, 5, 0, 8222.28515625, 226.02843792098
0, 80.836850404739, 5, 0, 8151.1000976563, 223.99437425416
0, 80.836850404739, 5, 0, 8041.6118164063, 221.21698937901
0, 80.836850404739, 5, 0, 7927.7543945313, 218.50441010516
0, 80.836850404739, 5, 0, 7845.8364257813, 216.59056433067
0, 81.663167476654, 5, 0, 7746.7954101563, 213.82038923315
0, 81.663167476654, 5, 0, 7680.3100585938, 211.87282916512
0, 80.426317453384, 5, 0, 7568.26171875, 209.18759211467
0, 80.426317453384, 5, 0, 7504.7524414063, 207.12815003056
0, 80.426317453384, 5, 0, 7417.0551757813, 204.42132484591
0, 80.836850404739, 5, 0, 7325.2241210938, 201.73799666993
0, 80.426317453384, 5, 0, 7265.3276367188, 199.69121632864
0, 80.426317453384, 5, 0, 7158.0561523438, 197.18906643155
0, 80.426317453384, 5, 0, 7070.7958984375, 195.32985017221
0, 80.426317453384, 5, 0, 6959.5659179688, 192.96682838422
0, 80.836850404739, 5, 0, 6825.4287109375, 190.64317884861
0, 80.836850404739, 5, 0, 6757.1616210938, 188.66699939656
40.000000596046, 80.836850404739, 0, 0, 7101.4848632813, 185.8005566014
40.000000596046, 80.426317453384, 4, 0, 7363.919921875, 183.88721894457
40.000000596046, 80.015796422958, 4, 0, 7919.0234375, 181.42261482285
0, 80.426317453384, 4, 0, 7963.8979492188, 178.83218978161
16.000001132488, 80.015796422958, 4, 0, 7932.9379882813, 177.09091175156
15.999999642372, 80.015796422958, 4, 0, 7843.333984375, 174.87893823838
7.9999983310699, 79.358953237534, 4, 0, 7773.2153320313, 173.23593291081
0, 76.315796375275, 4, 0, 7623.7666015625, 171.00081944463
0, 73.76526594162, 4, 0, 7492.427734375, 168.49259960141
0, 70.96843123436, 4, 0, 7409.5893554688, 166.72595688698
0, 67.678958177567, 4, 0, 7323.4946289063, 164.48136771304
0, 67.678958177567, 4, 0, 7260.1923828125, 162.82877681444
0, 67.268425226212, 4, 0, 7163.8393554688, 160.6066272151
0, 63.978952169418, 4, 0, 7069.1083984375, 158.51266059577
0, 63.322108983994, 4, 0, 7001.0209960938, 156.9774998088
0, 60.525268316269, 4, 0, 6918.0776367188, 155.22912186439
0, 57.810533046722, 4, 0, 6829.2504882813, 153.55435231648
0, 54.93158698082, 4, 0, 6760.2958984375, 151.5988820924
0, 54.93158698082, 4, 0, 6698.7377929688, 150.02632659207
0, 54.521059989929, 4, 0, 6623.2836914063, 148.13614262114
0, 54.521059989929, 4, 0, 6560.681640625, 146.77258827494
40.000000596046, 54.110527038574, 0, 0, 6669.8833007813, 145.08220440859
40.000000596046, 54.110527038574, 3, 0, 6995.2807617188, 143.46703568917
40.000000596046, 54.110527038574, 3, 0, 7384.9951171875, 141.96328206689
24.000000953674, 54.110527038574, 3, 0, 7814.0791015625, 140.43903894321
7.9999983310699, 54.521059989929, 3, 0, 7878.9653320313, 138.68747496373
0, 54.521059989929, 3, 0, 7831.513671875, 137.53257844892
7.9999983310699, 54.521059989929, 3, 0, 7759.9907226563, 136.22567235561
0, 54.521059989929, 3, 0, 7667.3403320313, 134.74790139866
0, 54.93158698082, 3, 0, 7502.2231445313, 133.00606031932
0, 54.93158698082, 3, 0, 7396.8896484375, 131.3931437971
0, 54.93158698082, 3, 0, 7312.7333984375, 130.04605520974
0, 55.347377061844, 3, 0, 7224.9204101563, 128.75138513906
0, 55.347377061844, 3, 0, 7103.6635742188, 126.83074157421
0, 54.93158698082, 3, 0, 6970.8979492188, 124.84206517426
0, 54.93158698082, 3, 0, 6892.7431640625, 123.14495218211
0, 54.93158698082, 3, 0, 6842.3002929688, 121.63814985386
0, 54.521059989929, 3, 0, 6742.2846679688, 119.68079822114
0, 54.521059989929, 3, 0, 6642.0278320313, 117.96404716799
0, 54.521059989929, 3, 0, 6553.0727539063, 116.64978023503
0, 53.700011968613, 3, 0, 6406.3754882813, 114.48624269469
0, 53.289479017258, 3, 0, 6299.3271484375, 112.74981924826
0, 52.878952026367, 3, 0, 6227.2875976563, 111.2689446537
0, 53.700011968613, 3, 0, 6113.2158203125, 109.18530518253
0, 52.878952026367, 3, 0, 6026.9194335938, 107.75347767529
0, 52.878952026367, 3, 0, 5892.443359375, 106.10488991989
0, 52.550530433655, 3, 0, 5766.1748046875, 104.18498793218
0, 52.878952026367, 3, 0, 5669.2446289063, 102.45793033023
0, 52.468425035477, 3, 0, 5566.0073242188, 100.64043465083
0, 52.057898044586, 3, 0, 5484.8115234375, 99.03910183803
0, 51.642107963562, 3, 0, 5361.4931640625, 96.558814733325
0, 50.492638349533, 3, 0, 5252.998046875, 94.735695427373
0, 36.20947599411, 3, 0, 5164.6044921875, 92.967143838481
0, 9.0642131865025, 3, 0, 5114.0541992188, 91.689420178482
0, 0.1736851525493, 3, 0, 5077.4482421875, 90.325618639903
0, 0, 3, 0, 5043.3061523438, 89.494784463915
0, 0, 3, 0, 4989.3793945313, 88.736617980093
0, 0, 3, 0, 4953.6596679688, 87.962686115829
0, 0, 3, 0, 4916.1103515625, 87.323741888371
0, 0, 3, 0, 4864.8876953125, 86.327639009485
0, 0, 3, 0, 4841.5068359375, 85.667401905393
0, 0, 3, 0, 4807.5346679688, 84.911872140252
11.04474067688, 0, 3, 0, 4881.5864257813, 84.331677300886
19.840003550053, 0, 3, 0, 4926.4594726563, 84.025914064357
27.941054105759, 0, 3, 0, 4946.6337890625, 83.947293155795
33.121052384377, 0, 3, 0, 4946.775390625, 83.98336950982
36.631581187248, 0, 3, 0, 4973.71875, 84.064592804787
37.047371268272, 0, 3, 0, 4990.6762695313, 84.149269926567
37.047371268272, 0, 3, 0, 4989.3364257813, 84.294783838728
37.463161349297, 0, 3, 0, 4987.0541992188, 84.454600576438
40.555787086487, 0, 3, 0, 5016.357421875, 84.637928055712
44.147369265556, 0, 3, 0, 5035.5029296875, 84.783366436869
48.74210357666, 0, 3, 0, 5084.353515625, 85.000092352759
49.157893657684, 0, 3, 0, 5098.5380859375, 85.296675139091
49.157893657684, 0, 3, 0, 5096.8837890625, 85.575096152224
49.157893657684, 0, 3, 0, 5119.447265625, 85.920410168955
49.157893657684, 0, 3, 0, 5141.6865234375, 86.139573676332
49.157893657684, 0, 3, 0, 5159.2915039063, 86.395307922488
49.157893657684, 0, 3, 0, 5182.3735351563, 86.696752158887
49.578946828842, 0, 3, 0, 5181.6586914063, 87.011558516514
49.578946828842, 0, 3, 0, 5205.1953125, 87.312480902341
50, 0, 3, 0, 5237.23828125, 87.563147704783
51.642107963562, 0, 3, 0, 5255.66015625, 87.785387383954
55.347377061844, 0, 3, 0, 5279.8452148438, 88.118053390766
61.841058731079, 0, 3, 0, 5306.5556640625, 88.581594027901
66.693693399429, 0, 3, 0, 5332.5649414063, 88.988307884314
72.2052693367, 0, 3, 0, 5409.181640625, 89.611246405409
73.026323318481, 0, 3, 0, 5449.3984375, 90.183668417833
73.026323318481, 0, 3, 0, 5453.92578125, 90.756701544743
73.026323318481, 0, 3, 0, 5475.1884765625, 91.379749929117
71.794736385345, 0, 3, 0, 5511.0776367188, 92.131468811791
71.794736385345, 0, 3, 0, 5523.669921875, 92.311884914189
71.794736385345, 0, 3, 0, 5564.1518554688, 93.302281769056
70.722109079361, 0, 3, 0, 5614.2421875, 94.014291943065
70.147377252579, 0, 3, 0, 5664.5986328125, 94.635362788429
69.736844301224, 0, 3, 0, 5714.4873046875, 95.139236981624
69.326323270798, 0, 3, 0, 5746.5219726563, 96.003016408205
68.915796279907, 0, 3, 0, 5772.560546875, 96.566594426722
68.915796279907, 0, 3, 0, 5826.146484375, 97.173314381353
68.915796279907, 0, 3, 0, 5882.8852539063, 97.878876954214
68.915796279907, 0, 3, 0, 5915.3994140625, 98.52398725817
68.915796279907, 0, 3, 0, 5938.9965820313, 98.933392764902
68.915796279907, 0, 3, 0, 6040.7216796875, 99.588377030998
68.915796279907, 0, 3, 0, 6130.1245117188, 100.21561395286
68.915796279907, 0, 3, 0, 6180.9765625, 100.85405692911
68.915796279907, 0, 3, 0, 6259.1372070313, 101.3107379778
69.736844301224, 0, 3, 0, 6320.3564453125, 102.1443256022
71.296840906143, 0, 3, 0, 6312.7514648438, 102.89686845947
72.944217920303, 0, 3, 0, 6389.5009765625, 103.5487559544
76.315796375275, 0, 3, 0, 6518.9951171875, 104.09621153683
81.24737739563, 0, 3, 0, 6692.8422851563, 104.51060208981
89.966320991516, 0, 3, 0, 6801.7275390625, 105.49332224811
95.970529317856, 0, 3, 0, 6909.8359375, 106.15001626147
100, 0, 3, 0, 6991.8432617188, 107.05493948579
100, 0, 3, 0, 7092.3740234375, 107.68627568122
100, 0, 3, 0, 7201.177734375, 108.86076905831
100, 0, 3, 0, 7342.2919921875, 109.64725966858
100, 0, 3, 0, 7581.0727539063, 110.51342862147
100, 0, 3, 0, 7861.1684570313, 111.15733729581
100, 0, 3, 0, 7830.0913085938, 112.43925635976
100, 0, 3, 0, 7880.5717773438, 113.549102064
100, 0, 3, 0, 7766.5063476563, 115.2100357053
100, 0, 3, 0, 7770.697265625, 116.23996274101
100, 0, 3, 0, 7618.79296875, 117.45954126094
100, 0, 3, 0, 7357.2529296875, 119.93477465484
100, 0, 3, 0, 7292.189453125, 121.47268202377
100, 0, 3, 0, 7369.0874023438, 122.51069774334
100, 0, 3, 0, 7453.9536132813, 123.92105384612
100, 0, 3, 0, 7501.431640625, 125.24774906244
100, 0, 3, 0, 7537.11328125, 126.34933442144
100, 0, 3, 0, 7565.4033203125, 128.06164974473
100, 0, 3, 0, 7619.2705078125, 129.07478143176
100, 0, 3, 0, 7712.865234375, 130.61564137629
100, 0, 3, 0, 7782.6547851563, 131.59700884297
100, 0, 3, 0, 7874.6357421875, 132.68576766423
100, 0, 3, 0, 7986.7416992188, 133.77210949336
100, 0, 3, 0, 7969.4516601563, 134.52534586256
100, 0, 3, 0, 7995.8745117188, 135.58993476259
100, 0, 3, 0, 8010.0073242188, 136.31321965553
0, 0, 0, 0, 7837.9379882813, 136.50483494587
0, 0, 0, 0, 7595.9741210938, 136.35373173942
0, 0, 4, 0, 6910.3383789063, 136.46569615296
100, 0, 4, 0, 6452.9765625, 137.28262575778
100, 0, 4, 0, 6522.2553710938, 138.28933044303
100, 0, 4, 0, 6555.0444335938, 139.21685117041
100, 0, 4, 0, 6582.5166015625, 140.10449152776
100, 0, 4, 0, 6634.33203125, 141.43939902413
100, 0, 4, 0, 6684.9575195313, 142.45136341383
100, 0, 4, 0, 6742.0200195313, 143.5723945731
100, 0, 4, 0, 6805.2836914063, 144.51314009261
100, 0, 4, 0, 6851.1723632813, 145.33906475335
100, 0, 4, 0, 6899.2626953125, 146.44133675784
100, 0, 4, 0, 6951.5600585938, 147.41270666619
100, 0, 4, 0, 7006.1069335938, 148.46633670419
100, 0, 4, 0, 7033.3740234375, 149.42125458661
100, 0, 4, 0, 7057.2353515625, 150.23124907199
100, 0, 4, 0, 7106.03515625, 151.26182155445
100, 0, 4, 0, 7163.5971679688, 152.16017358144
100, 0, 4, 0, 7199.400390625, 153.19836782884
100, 0, 4, 0, 7238.3315429688, 154.08074848173
100, 0, 4, 0, 7269.5068359375, 154.83890123264
100, 0, 4, 0, 7313.9780273438, 155.82407271533
100, 0, 4, 0, 7357.23828125, 156.70211376873
100, 0, 4, 0, 7405.072265625, 157.65894052561
100, 0, 4, 0, 7428.57421875, 158.54785804357
100, 0, 4, 0, 7451.2055664063, 159.28185460616
100, 0, 4, 0, 7493.1704101563, 160.2079196451
100, 0, 4, 0, 7518.0629882813, 160.92237427705
100, 0, 4, 0, 7568.6181640625, 161.82071257113
100, 0, 4, 0, 7618.951171875, 162.59062069282
100, 0, 4, 0, 7662.8974609375, 163.39129053245
100, 0, 4, 0, 7682.7158203125, 164.28376487404
100, 0, 4, 0, 7711.3271484375, 164.97675496799
0, 0, 0, 0, 7697.8754882813, 165.7954973169
0, 0, 0, 0, 7463.2451171875, 165.53398151573
0, 0, 5, 0, 7026.689453125, 165.28728352421
19.999998807907, 0, 5, 0, 6213.0224609375, 165.46441059472
100, 0, 5, 0, 6321.2099609375, 165.91773394697
100, 0, 5, 0, 6357.4907226563, 166.85705124386
100, 0, 5, 0, 6361.361328125, 167.53567671416
100, 0, 5, 0, 6372.4477539063, 168.21001751661
100, 0, 5, 0, 6391.4951171875, 169.02312937251
100, 0, 5, 0, 6423.9018554688, 169.79528969141
100, 0, 5, 0, 6443.2807617188, 170.52805029212
100, 0, 5, 0, 6552.2250976563, 171.15366673062
100, 0, 5, 0, 6581.994140625, 171.72310183517
100, 0, 5, 0, 6554.3813476563, 172.463607797
100, 0, 5, 0, 6572.3540039063, 173.20087279211
100, 0, 5, 0, 6599.34375, 173.72213284911
100, 0, 5, 0, 6634.171875, 174.52797999573
100, 0, 5, 0, 6665.7407226563, 175.03878930837
100, 0, 5, 0, 6688.5288085938, 175.65035698016
100, 0, 5, 0, 6712.822265625, 176.34399252086
100, 0, 5, 0, 6741.2353515625, 176.84095906043
100, 0, 5, 0, 6763.7705078125, 177.63877245482
100, 0, 5, 0, 6795.2265625, 178.09750657353
100, 0, 5, 0, 6829.5200195313, 178.66050094338
100, 0, 5, 0, 6848.10546875, 179.30126478139
100, 0, 5, 0, 6866.3999023438, 179.84430523331
100, 0, 5, 0, 6883.6821289063, 180.45846842505
100, 0, 5, 0, 6914.8447265625, 180.95094430312
100, 0, 5, 0, 6944.0732421875, 181.36287666525
100, 0, 5, 0, 6969.4575195313, 181.79483160986
100, 0, 5, 0, 6967.5678710938, 182.51509526266
100, 0, 5, 0, 6989.642578125, 183.05305453796
100, 0, 5, 0, 7020.03515625, 183.62172059955
100, 0, 5, 0, 7031.9331054688, 184.1702679483
100, 0, 5, 0, 7047.9848632813, 184.6271618571
100, 0, 5, 0, 7090.9130859375, 185.12736936338
100, 0, 5, 0, 7126.3359375, 185.73597072665
100, 0, 5, 0, 7140.521484375, 186.18778345882
100, 0, 5, 0, 7142.0942382813, 186.93232689613
100, 0, 5, 0, 7129.2177734375, 187.52512168023
100, 0, 5, 0, 7137.0942382813, 187.99853627951
100, 0, 5, 0, 7156.4248046875, 188.44953877
100, 0, 5, 0, 7180.3442382813, 189.12346758515
100, 0, 5, 0, 7196.9150390625, 189.59513810489
100, 0, 5, 0, 7233.4423828125, 190.23996688419
100, 0, 5, 0, 7252.75, 190.70054121281
100, 0, 5, 0, 7271.64453125, 191.21910961948
100, 0, 5, 0, 7310.5502929688, 191.77768199238
100, 0, 5, 0, 7322.3408203125, 192.3085138875
100, 0, 5, 0, 7340.8676757813, 192.9205210124
100, 0, 5, 0, 7364.7817382813, 193.4293115873
100, 0, 5, 0, 7378.2939453125, 193.87841893624
100, 0, 5, 0, 7384.501953125, 194.58457889068
100, 0, 5, 0, 7398.3979492188, 195.01310060784
100, 0, 5, 0, 7413.8486328125, 195.5540811233
100, 0, 5, 0, 7429.6435546875, 196.15720305556
100, 0, 5, 0, 7446.9404296875, 196.68218473111
100, 0, 5, 0, 7456.6704101563, 197.14626095172
100, 0, 5, 0, 7492.7338867188, 197.8106865933
100, 0, 5, 0, 7521.8603515625, 198.31780175321
100, 0, 5, 0, 7531.3310546875, 198.78272941423
100, 0, 5, 0, 7545.150390625, 199.23793417512
64.18684720993, 34.331580996513, 5, 0, 7501.6538085938, 199.50100179511
7.3947384953499, 57.400000095367, 5, 0, 7332.4135742188, 198.68172386271
40.000000596046, 59.457898139954, 0, 0, 7540.8461914063, 196.65080503223
40.000000596046, 58.636844158173, 4, 0, 7752.3959960938, 194.84178255818
40.000000596046, 58.221054077148, 4, 0, 7994.7954101563, 193.11344092916
40.000000596046, 57.810533046722, 4, 0, 8215.9912109375, 190.98725690346
0, 61.510527133942, 4, 0, 8382.263671875, 188.27687489518
0, 60.689479112625, 4, 0, 8341.796875, 186.62736016837
0, 59.868425130844, 4, 0, 8262.296875, 184.69622466044
0, 59.457898139954, 4, 0, 8191.35546875, 183.17276431262
0, 57.810533046722, 4, 0, 8070.40625, 180.69457834311
0, 57.400000095367, 4, 0, 7995.369140625, 178.82212355873
0, 57.810533046722, 4, 0, 7908.640625, 176.63172444683
0, 56.989485025406, 4, 0, 7831.193359375, 174.85509790698
0, 55.75789809227, 4, 0, 7740.6254882813, 173.02124633203
0, 55.75789809227, 4, 0, 7654.3129882813, 171.52125552704
0, 56.578952074051, 4, 0, 7572.90234375, 169.73523567689
0, 55.347377061844, 4, 0, 7468.5107421875, 167.41603560405
0, 55.75789809227, 4, 0, 7391.09375, 165.66055774528
0, 55.75789809227, 4, 0, 7327.5434570313, 164.1496355441
0, 55.347377061844, 4, 0, 7242.4858398438, 162.39936245814
0, 54.93158698082, 4, 0, 7159.7880859375, 160.65551637396
0, 54.93158698082, 4, 0, 7102.4833984375, 159.14589879921
0, 54.93158698082, 4, 0, 7010.1845703125, 156.85421947759
0, 54.93158698082, 4, 0, 6942.7446289063, 155.35999649472
0, 54.110527038574, 4, 0, 6837.22265625, 153.10622000413
0, 52.386319637299, 4, 0, 6760.8891601563, 151.38974360917
0, 51.231580972672, 4, 0, 6680.052734375, 149.45877289616
0, 51.231580972672, 4, 0, 6608.61328125, 147.72751989027
0, 50.985264778137, 4, 0, 6539.4770507813, 146.35726388409
0, 43.481054902077, 4, 0, 6459.1870117188, 144.69175031737
0, 38.715794682503, 4, 0, 6405.1186523438, 143.24538652512
0, 39.136847853661, 4, 0, 6332.5786132813, 141.40609671788
0, 38.090795278549, 4, 0, 6262.765625, 139.97067805474
0, 34.874737262726, 4, 0, 6208.1005859375, 138.8352410731
0, 24.015788733959, 4, 0, 6158.6567382813, 137.56636140701
0, 10.731582343578, 4, 0, 6125.3129882813, 136.59721623004
0, 0, 4, 0, 6103.318359375, 135.76420538785
0, 0, 4, 0, 6080.759765625, 135.18040565966
0, 0, 4, 0, 6059.2412109375, 134.72437692419
5.8884210884571, 0, 4, 0, 6075.76953125, 134.20779978943
12.405268102884, 0, 4, 0, 6089.4111328125, 133.94018657631
16.747370362282, 0, 4, 0, 6086.9868164063, 133.70576580615
19.588424265385, 0, 4, 0, 6089.076171875, 133.55313824672
24.936842918396, 0, 4, 0, 6094.1005859375, 133.44893292721
26.771581172943, 0, 4, 0, 6096.7275390625, 133.40129346314
28.190529346466, 0, 4, 0, 6095.6000976563, 133.33460645319
29.110530018806, 0, 4, 0, 6097.0766601563, 133.26248121096
29.110530018806, 0, 4, 0, 6098.697265625, 133.20445966709
29.110530018806, 0, 4, 0, 6097.7177734375, 133.15156049857
29.110530018806, 0, 4, 0, 6095.7163085938, 133.06147261033
28.024211525917, 0, 4, 0, 6089.7216796875, 132.98509016606
27.021053433418, 0, 4, 0, 6086.447265625, 132.92101240897
26.605266332626, 0, 4, 0, 6086.7602539063, 132.79085188996
26.605266332626, 0, 4, 0, 6084.208984375, 132.67500106295
25.35263299942, 0, 4, 0, 6077.6655273438, 132.56397048728
23.847368359566, 0, 4, 0, 6061.2919921875, 132.39333908311
22.010530531406, 0, 4, 0, 6045.5288085938, 132.24601242685
19.089476764202, 0, 4, 0, 6029.1909179688, 132.00313218426
18.668423593044, 0, 4, 0, 6021.9643554688, 131.79575151349
18.25263351202, 0, 4, 0, 6017.0986328125, 131.61867937462
17.415790259838, 0, 4, 0, 6004.6733398438, 131.40917010283
17.415790259838, 0, 4, 0, 5997.42578125, 131.19180560664
16.578948497772, 0, 4, 0, 5981.2954101563, 130.90069538485
14.993683993816, 0, 4, 0, 5971.6645507813, 130.68519856439
9.7315818071365, 0, 4, 0, 5945.8154296875, 130.41970021937
5.6378945708275, 0, 4, 0, 5916.533203125, 130.08766592641
0.95894960686564, 0, 4, 0, 5872.6674804688, 129.76542319813
0, 0, 4, 0, 5791.6625976563, 128.98759118749
0, 0, 4, 0, 5757.4267578125, 128.37002223412
0, 0, 4, 0, 5726.3549804688, 127.74348569066
0, 0, 4, 0, 5699.4389648438, 127.09419371567
0, 0, 4, 0, 5675.8100585938, 126.41356324054
0, 0, 4, 0, 5640.3388671875, 125.49321109207
0, 0, 4, 0, 5605.5512695313, 124.81131718923
0, 0, 4, 0, 5572.8559570313, 124.10414099947
0, 0, 4, 0, 5544.646484375, 123.51877571957
0, 0, 4, 0, 5508.4052734375, 122.847497356
0, 0, 4, 0, 5473.6391601563, 122.19111919956
0, 0, 4, 0, 5428.998046875, 121.34908583564
0, 0, 4, 0, 5405.5268554688, 120.7660551504
10.064213722944, 0, 4, 0, 5440.8701171875, 120.1689070339
19.089476764202, 0, 4, 0, 5483.3623046875, 119.79322955361
20.924215018749, 0, 4, 0, 5484.576171875, 119.61011493444
22.426320612431, 0, 4, 0, 5490.1645507813, 119.40244587256
24.936842918396, 0, 4, 0, 5490.0859375, 119.21746357766
25.768423080444, 0, 4, 0, 5476.6923828125, 119.07162007566
26.189476251602, 0, 4, 0, 5468.162109375, 118.95388784001
29.443162679672, 0, 4, 0, 5466.5620117188, 118.79915914538
34.957897663116, 0, 4, 0, 5473.0908203125, 118.67877645814
36.631581187248, 0, 4, 0, 5478.9135742188, 118.63807211351
37.047371268272, 0, 4, 0, 5484.263671875, 118.62288351528
37.463161349297, 0, 4, 0, 5485.7827148438, 118.6112654736
38.300004601479, 0, 4, 0, 5492.865234375, 118.59202566698
40.221053361893, 0, 4, 0, 5491.1767578125, 118.61439657703
42.142105102539, 0, 4, 0, 5498.0834960938, 118.63009329292
44.147369265556, 0, 4, 0, 5509.6157226563, 118.65183248912
44.314739108086, 0, 4, 0, 5509.8862304688, 118.70729971178
46.652635931969, 0, 4, 0, 5514.8203125, 118.75434866072
49.682894349098, 0, 4, 0, 5530.318359375, 118.86371755431
50.410532951355, 0, 4, 0, 5544.689453125, 118.9589278179
52.057898044586, 0, 4, 0, 5553.8286132813, 119.07146901365
53.864216804504, 0, 4, 0, 5559.2651367188, 119.17007130596
55.75789809227, 0, 4, 0, 5569.4794921875, 119.29449146868
57.482105493546, 0, 4, 0, 5581.412109375, 119.46211536561
59.868425130844, 0, 4, 0, 5593.3564453125, 119.61236713165
61.510527133942, 0, 4, 0, 5608.2138671875, 119.79316088906
63.486325740814, 0, 4, 0, 5626.68359375, 120.01714464778
65.215790271759, 0, 4, 0, 5644.78515625, 120.24298234932
67.678958177567, 0, 4, 0, 5662.7270507813, 120.42755265693
69.736844301224, 0, 4, 0, 5686.7788085938, 120.68720078237
72.369480133057, 0, 4, 0, 5704.3022460938, 121.0716398591
73.847371339798, 0, 4, 0, 5714.6396484375, 121.36428816678
75.65895318985, 0, 4, 0, 5746.7607421875, 121.67980176926
75.905269384384, 0, 4, 0, 5779.052734375, 121.97358990845
76.315796375275, 0, 4, 0, 5807.1674804688, 122.47092723659
76.726317405701, 0, 4, 0, 5834.947265625, 122.86767100049
77.136844396591, 0, 4, 0, 5868.439453125, 123.22469918927
79.605269432068, 0, 4, 0, 5904.9541015625, 123.76243873802
82.812637090683, 0, 4, 0, 5919.0595703125, 124.2348783007
85.876321792603, 0, 4, 0, 5952.5859375, 124.6905225147
89.884215593338, 0, 4, 0, 5978.7817382813, 125.18314945478
94.821059703827, 0, 4, 0, 6011.0561523438, 125.79672213139
97.612637281418, 0, 4, 0, 6042.8447265625, 126.38541077547
100, 0, 4, 0, 6088.1665039063, 127.00266387191
100, 0, 4, 0, 6129.189453125, 127.56623502397
100, 0, 4, 0, 6171.8486328125, 128.27231258095
100, 0, 4, 0, 6240.9633789063, 129.23659630784
100, 0, 4, 0, 6297.982421875, 129.98848685189
100, 0, 4, 0, 6390.6103515625, 130.75064961246
100, 0, 4, 0, 6490.2563476563, 131.51766009019
100, 0, 4, 0, 6482.3081054688, 132.49831344556
100, 0, 4, 0, 6551.1840820313, 133.2594462379
100, 0, 4, 0, 6618.6655273438, 134.53180033017
100, 0, 4, 0, 6616.4833984375, 135.64404242717
100, 0, 4, 0, 6655.2763671875, 136.56922855989
100, 0, 4, 0, 6681.1987304688, 137.90357300696
100, 0, 4, 0, 6703.5400390625, 139.00307096367
100, 0, 4, 0, 6706.4248046875, 139.9114480148
100, 0, 4, 0, 6692.9125976563, 141.25463645578
100, 0, 4, 0, 6743.7436523438, 142.2848656155
100, 0, 4, 0, 6805.9541015625, 143.44014665179
100, 0, 4, 0, 6834.03515625, 144.5573051305
100, 0, 4, 0, 6867.4555664063, 145.4513312909
100, 0, 4, 0, 6919.7436523438, 146.62343514168
100, 0, 4, 0, 6964.6293945313, 147.64955816138
100, 0, 4, 0, 6999.7084960938, 148.53208987628
100, 0, 4, 0, 7027.0668945313, 149.41683258966
100, 0, 4, 0, 7084.0419921875, 150.84086667059
100, 0, 4, 0, 7129.8701171875, 151.86490228799
100, 0, 4, 0, 7193.5981445313, 152.37105614421
100, 0, 4, 0, 7259.7309570313, 153.91982624478
100, 0, 4, 0, 7278.1967773438, 154.80377244939
100, 0, 4, 0, 7304.6982421875, 155.99687391925
100, 0, 4, 0, 7340.8256835938, 156.83952526412
100, 0, 4, 0, 7396.24609375, 157.97570382289
100, 0, 4, 0, 7458.2973632813, 158.75424994484
100, 0, 4, 0, 7546.3037109375, 159.78965641155
100, 0, 4, 0, 7626.9360351563, 160.66624177651
100, 0, 4, 0, 7643.5776367188, 161.7955676133
100, 0, 4, 0, 7661.5009765625, 162.66984584941
100, 0, 4, 0, 7662.576171875, 163.79844384198
100, 0, 4, 0, 7665.6767578125, 164.06585106145
100, 0, 4, 0, 7735.078125, 165.76631488359
100, 0, 4, 0, 7770.2578125, 166.27485826612
100, 0, 4, 0, 7837.5766601563, 167.56591658153
100, 0, 4, 0, 7874.322265625, 168.32982342164
100, 0, 4, 0, 7955.7290039063, 169.40443734581
100, 0, 4, 0, 7973.0249023438, 170.20656287388
100, 0, 4, 0, 8004.6342773438, 171.22183689483
0, 0, 0, 0, 7879.8310546875, 171.59029086457
0, 0, 5, 0, 7599.052734375, 171.45833133437
0, 0, 5, 0, 6967.3896484375, 171.52614444293
100, 0, 5, 0, 6525.7026367188, 172.04647066205
100, 0, 5, 0, 6607.8671875, 172.63772736026
100, 0, 5, 0, 6618.8686523438, 173.64730222365
100, 0, 5, 0, 6640.0029296875, 174.43936152884
100, 0, 5, 0, 6638.96484375, 175.21285393999
100, 0, 5, 0, 6653.693359375, 176.20180197287
100, 0, 5, 0, 6699.330078125, 177.13769977523
100, 0, 5, 0, 6830.9018554688, 177.63327929091
100, 0, 5, 0, 6867.75390625, 178.42833237043
100, 0, 5, 0, 6814.8857421875, 179.35383436007
100, 0, 5, 0, 6821.9013671875, 180.25923136978
100, 0, 5, 0, 6862.8369140625, 180.87792642175
100, 0, 5, 0, 6864.3032226563, 181.76979651531
100, 0, 5, 0, 6963.0053710938, 182.44927342602
100, 0, 5, 0, 7100.5014648438, 182.89743320419
100, 0, 5, 0, 7151.24609375, 183.4020352416
100, 0, 5, 0, 7162.4594726563, 184.13713043697
100, 0, 5, 0, 7134.7446289063, 184.87407957517
100, 0, 5, 0, 7128.2895507813, 185.33317074953
100, 0, 5, 0, 7090.1586914063, 185.99898341499
99.752634763718, 0, 5, 0, 7083.666015625, 186.79514886021
78.205269575119, 0, 5, 0, 7097.5874023438, 187.41712607762
31.45053088665, 0, 5, 0, 7043.0600585938, 187.92538106904
0, 32.367369532585, 5, 0, 6883.5541992188, 187.43256186823
0, 50.244212150574, 5, 0, 6814.5141601563, 186.25074885022
0, 53.700011968613, 5, 0, 6750.3618164063, 184.74939848716
40.000000596046, 53.700011968613, 0, 0, 7031.234375, 182.72165195885
40.000000596046, 52.878952026367, 4, 0, 7288.2216796875, 181.16410652892
32.000002264977, 52.878952026367, 4, 0, 7945.3374023438, 179.10599653705
24.000000953674, 52.468425035477, 4, 0, 7985.3481445313, 177.44695117084
32.000002264977, 52.878952026367, 4, 0, 7941.8354492188, 176.1663573327
23.999999463558, 52.057898044586, 4, 0, 7852.0727539063, 174.24951778387
15.999999642372, 51.642107963562, 4, 0, 7792.390625, 172.96544951954
0, 51.231580972672, 4, 0, 7658.9858398438, 171.38943332594
0, 50.903159379959, 4, 0, 7567.283203125, 169.88105171307
0, 50.821053981781, 4, 0, 7465.1274414063, 167.57643599043
0, 50.821053981781, 4, 0, 7382.6455078125, 165.81926898375
0, 50, 4, 0, 7288.9848632813, 163.69905877381
0, 50, 4, 0, 7269.4130859375, 163.16780115849
0, 50, 4, 0, 7138.7836914063, 159.99089847165
0, 49.157893657684, 4, 0, 7063.5922851563, 158.42347907958
0, 49.578946828842, 4, 0, 6967.9829101563, 156.62045788711
0, 48.74210357666, 4, 0, 6842.7348632813, 154.45072680445
0, 49.157893657684, 4, 0, 6749.7973632813, 152.72054496552
0, 48.326316475868, 4, 0, 6678.8876953125, 151.04687405038
0, 48.326316475868, 4, 0, 6602.5288085938, 149.28069825488
0, 47.905269265175, 4, 0, 6553.7631835938, 147.93113774376
0, 47.489479184151, 4, 0, 6425.5131835938, 144.86402967071
0, 45.984214544296, 4, 0, 6349.0576171875, 143.33112108095
0, 44.147369265556, 4, 0, 6267.4526367188, 141.4676888183
0, 40.805262327194, 4, 0, 6185.9130859375, 139.73757564392
0, 31.283164024353, 4, 0, 6093.4165039063, 137.63546540908
0, 19.924212992191, 4, 0, 6041.28125, 136.12532598375
0, 8.144211769104, 4, 0, 6010.2041015625, 134.99004006412
0, 0, 4, 0, 5987.212890625, 134.00639293442
0, 0, 4, 0, 5956.8193359375, 133.13981886069
0, 0, 4, 0, 5921.677734375, 132.3042811631
0, 0, 4, 0, 5877.0966796875, 131.23455615482
0, 0, 4, 0, 5849.1108398438, 130.58136403345
0, 0, 4, 0, 5815.943359375, 129.78577537044
0, 0, 4, 0, 5791.8110351563, 129.0045787969
0, 0, 4, 0, 5761.189453125, 128.26588557917
0, 0, 4, 0, 5726.81640625, 127.33942228584
4.0526367723942, 0, 4, 0, 5738.0859375, 126.69577453677
6.7242108285427, 0, 4, 0, 5748.7377929688, 126.29919556779
9.0631604194641, 0, 4, 0, 5749.3984375, 125.84620180537
11.984214931726, 0, 4, 0, 5732.314453125, 125.49419986157
17.415790259838, 0, 4, 0, 5725.935546875, 125.0088650966
19.089476764202, 0, 4, 0, 5727.2426757813, 124.72592595615
22.176846861839, 0, 4, 0, 5713.9204101563, 124.44102300959
26.688423752785, 0, 4, 0, 5715.9770507813, 124.1609815131
29.526320099831, 0, 4, 0, 5718.0522460938, 123.92581916582
30.78421652317, 0, 4, 0, 5710.0766601563, 123.65637947569
32.03684091568, 0, 4, 0, 5706.3603515625, 123.59724556612
35.626316070557, 0, 4, 0, 5702.3403320313, 123.288831878
40.136843919754, 0, 4, 0, 5701.0625, 123.12355630865
48.908418416977, 0, 4, 0, 5715.9653320313, 122.93172129176
57.709211111069, 0, 4, 0, 5721.2412109375, 122.91141031818
67.51474738121, 0, 4, 0, 5743.2846679688, 122.94434183586
74.668425321579, 0, 4, 0, 5787.15625, 123.01285532282
83.633685112, 0, 4, 0, 5815.3051757813, 123.21466043222
87.581062316895, 0, 4, 0, 5820.4057617188, 123.37718941961
92.352640628815, 0, 4, 0, 5878.3608398438, 123.75782448033
92.352640628815, 0, 4, 0, 5892.4018554688, 124.04813819334
92.763161659241, 0, 4, 0, 5904.3120117188, 124.32897619859
93.584215641022, 0, 4, 0, 5922.8310546875, 124.73729680545
93.994748592377, 0, 4, 0, 5952.2578125, 125.04439213423
95.231586694717, 0, 4, 0, 5972.6440429688, 125.45964786054
96.463161706924, 0, 4, 0, 6010.96875, 125.79213533952
97.284215688705, 0, 4, 0, 6034.669921875, 126.11402101215
97.694742679596, 0, 4, 0, 6056.2524414063, 126.524017034
100, 0, 4, 0, 6098.7299804688, 126.98706328638
100, 0, 4, 0, 6172.7514648438, 127.35304533235
100, 0, 4, 0, 6229.1123046875, 127.83070340075
100, 0, 4, 0, 6307.4741210938, 128.34806331136
100, 0, 4, 0, 6425.177734375, 128.74103052507
100, 0, 4, 0, 6455.4028320313, 129.289550408
100, 0, 4, 0, 6439.0854492188, 130.04675558814
100, 0, 4, 0, 6473.759765625, 130.76874958757
100, 0, 4, 0, 6443.154296875, 131.97466386226
100, 0, 4, 0, 6426.3955078125, 132.99416761944
100, 0, 4, 0, 6386.2216796875, 133.97516429755
100, 0, 4, 0, 6412.0590820313, 134.94358163029
100, 0, 4, 0, 6412.7646484375, 136.10152685108
100, 0, 4, 0, 6465.5893554688, 137.00927218836
100, 0, 4, 0, 6511.9038085938, 137.92657563086
100, 0, 4, 0, 6567.4150390625, 138.98054899161
100, 0, 4, 0, 6574.107421875, 139.96659938053
100, 0, 4, 0, 6619.2060546875, 140.88824242252
100, 0, 4, 0, 6668.7827148438, 141.90844655809
100, 0, 4, 0, 6701.7475585938, 142.80983355814
100, 0, 4, 0, 6770.8984375, 143.5091545235
100, 0, 4, 0, 6855.4272460938, 144.31814650646
100, 0, 4, 0, 6881.3735351563, 145.0777412129
100, 0, 4, 0, 6903.9575195313, 146.2564505933
100, 0, 4, 0, 6936.5649414063, 147.17453681166
100, 0, 4, 0, 6960.6206054688, 148.20189579323
100, 0, 4, 0, 6998.9267578125, 148.95878511644
100, 0, 4, 0, 7049.2646484375, 149.81462005471
100, 0, 4, 0, 7108.876953125, 150.81289273334
100, 0, 4, 0, 7140.5473632813, 151.69449061037
100, 0, 4, 0, 7196.6655273438, 152.64061943053
100, 0, 4, 0, 7233.4794921875, 153.5162434918
100, 0, 4, 0, 7249.2431640625, 154.24167071868
100, 0, 4, 0, 7299.2954101563, 155.1968769922
100, 0, 4, 0, 7342.2993164063, 156.01552321075
100, 0, 4, 0, 7396.943359375, 156.926166192
100, 0, 4, 0, 7457.7143554688, 157.69606058078
100, 0, 4, 0, 7485.7934570313, 158.4338886252
100, 0, 4, 0, 7474.5864257813, 159.57735935907
100, 0, 4, 0, 7500.423828125, 160.28378023879
100, 0, 4, 0, 7542.2416992188, 161.07951996381
100, 0, 4, 0, 7573.322265625, 162.03719816109
100, 0, 4, 0, 7606.6723632813, 162.82517879207
100, 0, 4, 0, 7660.015625, 163.40823694313
0, 0, 0, 0, 7471.3032226563, 163.48610254166
0, 0, 5, 0, 7174.2807617188, 163.2103182472
0, 0, 5, 0, 6340.9780273438, 163.21881891837
100, 0, 5, 0, 6316.6166992188, 163.55554986648
100, 0, 5, 0, 6347.8012695313, 164.15663932809
100, 0, 5, 0, 6338.8461914063, 165.22419453663
100, 0, 5, 0, 6299.2294921875, 165.95768298155
100, 0, 5, 0, 6307.2319335938, 166.68876816726
100, 0, 5, 0, 6355.1538085938, 167.23370376074
100, 0, 5, 0, 6427.1372070313, 168.07211163648
100, 0, 5, 0, 6477.2431640625, 168.73243113803
100, 0, 5, 0, 6489.6533203125, 169.54889382392
100, 0, 5, 0, 6491.8466796875, 170.26870429069
100, 0, 5, 0, 6517.677734375, 170.86723943108
100, 0, 5, 0, 6545.318359375, 171.51977237278
100, 0, 5, 0, 6579.6796875, 172.16722413786
100, 0, 5, 0, 6589.1171875, 173.12985991558
100, 0, 5, 0, 6630.748046875, 173.75001065599
100, 0, 5, 0, 6681.984375, 174.28463283421
100, 0, 5, 0, 6695.8569335938, 174.99131463922
100, 0, 5, 0, 6717.982421875, 175.88847190305
100, 0, 5, 0, 6718.9008789063, 176.56288137004
100, 0, 5, 0, 6733.2749023438, 177.10502918283
100, 0, 5, 0, 6735.9868164063, 177.77887560053
100, 0, 5, 0, 6814.6547851563, 178.20852341629
100, 0, 5, 0, 6945.2939453125, 178.82073653484
100, 0, 5, 0, 7037.0615234375, 179.33289167264
100, 0, 5, 0, 6928.4604492188, 180.04910411705
100, 0, 5, 0, 6869.5327148438, 180.914881682
100, 0, 5, 0, 6875.8813476563, 181.48599220154
100, 0, 5, 0, 6898.9189453125, 181.96043676905
100, 0, 5, 0, 6910.5620117188, 182.12553381057
100, 0, 5, 0, 6979.9516601563, 183.23872347835
100, 0, 5, 0, 7037.568359375, 183.74824189747
100, 0, 5, 0, 7044.107421875, 184.26528595116
100, 0, 5, 0, 7064.6943359375, 184.82753874388
100, 0, 5, 0, 7071.330078125, 185.50207180706
100, 0, 5, 0, 7090.1030273438, 186.04792750549
100, 0, 5, 0, 7130.2124023438, 186.61314660673
100, 0, 5, 0, 7140.5678710938, 187.15614585993
100, 0, 5, 0, 7142.4301757813, 187.62111471968
100, 0, 5, 0, 7183.3935546875, 188.23236653454
100, 0, 5, 0, 7221.3935546875, 188.71049152188
100, 0, 5, 0, 7242.52734375, 189.0970317338
100, 0, 5, 0, 7223.5888671875, 189.70693772351
100, 0, 5, 0, 7250.2133789063, 190.17174178834
100, 0, 5, 0, 7271.529296875, 190.53889113164
100, 0, 5, 0, 7265.8940429688, 191.15404309289
100, 0, 5, 0, 7272.8725585938, 191.58256481005
100, 0, 5, 0, 7299.830078125, 191.92851054063
100, 0, 5, 0, 7307.869140625, 192.36641183518
100, 0, 5, 0, 7335.4350585938, 192.71359352765
100, 0, 5, 0, 7390.5932617188, 193.27713721389
100, 0, 5, 0, 7408.8564453125, 193.62239629898
100, 0, 5, 0, 7410.888671875, 194.08720036382
100, 0, 5, 0, 7422.375, 194.44394016149
100, 0, 5, 0, 7434.9013671875, 194.97397554784
100, 0, 5, 0, 7431.6513671875, 195.3961801265
100, 0, 5, 0, 7439.9926757813, 195.84988800023
100, 0, 5, 0, 7472.6284179688, 196.188953543
100, 0, 5, 0, 7487.6420898438, 196.48896269033
100, 0, 5, 0, 7480.3388671875, 196.86794980187
100, 0, 5, 0, 7529.5717773438, 197.31965267076
100, 0, 5, 0, 7516.8579101563, 197.57490626508
100, 0, 5, 0, 7586.52734375, 197.91605921014
100, 0, 5, 0, 7602.8393554688, 198.3224160109
100, 0, 5, 0, 7560.5874023438, 198.71443565383
100, 0, 5, 0, 7538.6577148438, 199.12548910974
100, 0, 5, 0, 7539.8354492188, 199.43995901108
100, 0, 5, 0, 7705.125, 199.40643697828
100, 0, 5, 0, 7913.947265625, 199.37078634445
100, 0, 5, 0, 7960.4135742188, 199.61663289556
100, 0, 5, 0, 7929.4965820313, 199.93551106094
100, 0, 5, 0, 7661.3701171875, 200.82434618144
100, 0, 5, 0, 7635.080078125, 201.18131943858
100, 0, 5, 0, 7784.5043945313, 201.3127433853
100, 0, 5, 0, 7980.048828125, 201.35765000032
100, 0, 5, 0, 7966.5112304688, 201.56249008278
100, 0, 5, 0, 7814.9814453125, 202.29853284893
100, 0, 5, 0, 7664.6181640625, 202.98381878048
100, 0, 5, 0, 7675.943359375, 203.42853159829
100, 0, 5, 0, 7686.87109375, 203.90109475716
100, 0, 5, 0, 7732.8588867188, 204.26394569969
100, 0, 5, 0, 7775.9072265625, 204.54614326302
100, 0, 5, 0, 7801.9360351563, 204.82310858771
100, 0, 5, 0, 7877.365234375, 205.09622869766
100, 0, 5, 0, 7892.0537109375, 205.44446782418
100, 0, 5, 0, 8008.1762695313, 205.6066122901
100, 0, 5, 0, 7917.7880859375, 205.95773532767
100, 0, 5, 0, 7873.7495117188, 206.37207094902
100, 0, 5, 0, 7814.234375, 206.96996064266
100, 0, 5, 0, 7841.5366210938, 207.34061187795
100, 0, 5, 0, 7872.2993164063, 207.66652129315
100, 0, 5, 0, 7947.509765625, 208.00112364024
0, 0, 0, 0, 7801.951171875, 207.8158117555
0, 0, 6, 0, 7565.7661132813, 207.20164856377
0, 0, 6, 0, 7067.5693359375, 206.5528097748
100, 0, 6, 0, 6357.2509765625, 206.25120760994
100, 0, 6, 0, 6464.8764648438, 206.31045138278
100, 0, 6, 0, 6507.6396484375, 206.45051332976
100, 0, 6, 0, 6453.5151367188, 206.72901674035
100, 0, 6, 0, 6418.736328125, 206.93697419334
100, 0, 6, 0, 6379.8408203125, 207.15333618712
100, 0, 6, 0, 6378.8828125, 207.3401174932
100, 0, 6, 0, 6384.9887695313, 207.70975249318
100, 0, 6, 0, 6395.0405273438, 207.97630827225
100, 0, 6, 0, 6401.9624023438, 208.30900174488
100, 0, 6, 0, 6409.5122070313, 208.58411312675
100, 0, 6, 0, 6445.0693359375, 208.90314235414
100, 0, 6, 0, 6446.3701171875, 209.17090662927
100, 0, 6, 0, 6449.4267578125, 209.33978022099
100, 0, 6, 0, 6447.5874023438, 209.4594213311
100, 0, 6, 0, 6458.84375, 209.67756860316
100, 0, 6, 0, 6468.5087890625, 210.04628349817
100, 0, 6, 0, 6463.2177734375, 210.35852866812
100, 0, 6, 0, 6492.41796875, 210.58135886242
100, 0, 6, 0, 6511.9658203125, 210.92190755945
100, 0, 6, 0, 6514.6391601563, 211.15995381779
100, 0, 6, 0, 6491.4985351563, 211.42690785125
100, 0, 6, 0, 6567.0463867188, 211.66816761048
100, 0, 6, 0, 6553.109375, 212.06024218506
100, 0, 6, 0, 6522.3115234375, 212.37666215958
100, 0, 6, 0, 6539.9233398438, 212.66016434934
100, 0, 6, 0, 6567.3510742188, 212.98917740215
100, 0, 6, 0, 6577.4467773438, 213.31148879498
100, 0, 6, 0, 6567.33984375, 213.61762282007
100, 0, 6, 0, 6576.2055664063, 213.93213392014
100, 0, 6, 0, 6573.6069335938, 214.20301556579
100, 0, 6, 0, 6571.1557617188, 214.45866741449
100, 0, 6, 0, 6580.7231445313, 214.65871471144
100, 0, 6, 0, 6625.119140625, 214.95556528951
100, 0, 6, 0, 6683.859375, 215.23850442996
100, 0, 6, 0, 6683.3657226563, 215.58633156919
100, 0, 6, 0, 6623.341796875, 216.08917579415
100, 0, 6, 0, 6619.73046875, 216.60551946943
100, 0, 6, 0, 6639.2211914063, 216.8967532874
100, 0, 6, 0, 6660.5581054688, 217.26630588992
100, 0, 6, 0, 6677.947265625, 217.5773288309
100, 0, 6, 0, 6665.4697265625, 218.100854818
100, 0, 6, 0, 6674.08203125, 218.42327607411
100, 0, 6, 0, 6695.8447265625, 218.89298278774
100, 0, 6, 0, 6708.685546875, 219.2571246238
100, 0, 6, 0, 6743.3784179688, 219.52322721685
100, 0, 6, 0, 6786.017578125, 219.83117398603
100, 0, 6, 0, 6791.2387695313, 220.27559841274
100, 0, 6, 0, 6773.3715820313, 220.61916834992
100, 0, 6, 0, 6764.7236328125, 221.11948571948
100, 0, 6, 0, 6767.6743164063, 221.4821718671
100, 0, 6, 0, 6787.7387695313, 221.77725089981
100, 0, 6, 0, 6812.7954101563, 222.04251578536
100, 0, 6, 0, 6849.1391601563, 222.47118856453
100, 0, 6, 0, 6854.0693359375, 222.79244252331
100, 0, 6, 0, 6835.1904296875, 223.31145038309
100, 0, 6, 0, 6846.244140625, 223.62988909536
100, 0, 6, 0, 6867.0444335938, 223.97299211362
100, 0, 6, 0, 6875.0297851563, 224.44372879548
99.868422746658, 0, 6, 0, 6880.5400390625, 224.82186446662
78.616845607758, 0, 6, 0, 6884.5078125, 225.07986464289
29.278951883316, 37.212634086609, 6, 0, 6805.5078125, 224.89702468191
40.000000596046, 57.317906618118, 0, 0, 6709.162109375, 223.41595782662
40.000000596046, 58.636844158173, 0, 0, 6943.9111328125, 221.66862358335
40.000000596046, 58.221054077148, 5, 0, 7147.3955078125, 220.11191586092
40.000000596046, 57.810533046722, 5, 0, 7782.32421875, 217.60943637399
24.000000953674, 57.810533046722, 5, 0, 7903.2143554688, 215.99131507897
16.000001132488, 58.801054954529, 5, 0, 7861.98046875, 214.24167370686
0, 58.636844158173, 5, 0, 7801.62890625, 212.55611009184
40.000000596046, 58.221054077148, 5, 0, 7739.16796875, 210.64481863857
0, 58.221054077148, 5, 0, 7624.599609375, 208.87998866823
0, 58.221054077148, 5, 0, 7533.2827148438, 206.74593568521
0, 58.221054077148, 5, 0, 7473.4291992188, 205.09798651012
0, 58.221054077148, 5, 0, 7391.3120117188, 203.25795512576
0, 58.221054077148, 5, 0, 7309.0986328125, 201.15054398774
0, 57.810533046722, 5, 0, 7245.8666992188, 199.26071707247
0, 57.810533046722, 5, 0, 7200.5634765625, 197.65414515458
0, 57.810533046722, 5, 0, 7112.416015625, 195.33427216916
0, 57.810533046722, 5, 0, 7037.5678710938, 193.46492102239
0, 57.400000095367, 5, 0, 6957.2641601563, 191.39994457563
0, 56.989485025406, 5, 0, 6897.4555664063, 189.51489671297
0, 55.75789809227, 5, 0, 6848.33203125, 188.03796346352
0, 56.578952074051, 5, 0, 6783.9892578125, 186.22012446138
0, 55.347377061844, 5, 0, 6700.22265625, 184.26664550923
0, 54.93158698082, 5, 0, 6628.44140625, 182.55476963905
0, 55.01474738121, 5, 0, 6565.380859375, 180.52435892623
0, 55.347377061844, 5, 0, 6508.5620117188, 178.84253066268
0, 55.347377061844, 5, 0, 6459.7060546875, 177.29027240302
0, 54.93158698082, 5, 0, 6399.8901367188, 175.51651604132
40.000000596046, 54.93158698082, 0, 0, 6684.9965820313, 173.50616910971
40.000000596046, 54.93158698082, 4, 0, 6955.4526367188, 172.22887116991
40.000000596046, 54.93158698082, 4, 0, 7392.6708984375, 170.54783941513
7.9999983310699, 54.93158698082, 4, 0, 7578.1630859375, 168.65602122794
23.999999463558, 54.356849193573, 4, 0, 7529.6645507813, 167.19290328574
24.000000953674, 52.632635831833, 4, 0, 7460.2436523438, 165.50744953401
16.000001132488, 52.057898044586, 4, 0, 7398.2797851563, 164.1089723982
0, 52.057898044586, 4, 0, 7315.6567382813, 162.88966853646
0, 51.231580972672, 4, 0, 7225.3081054688, 161.53497191707
0, 43.477895855904, 4, 0, 7119.4453125, 159.46775700602
0, 30.449479818344, 4, 0, 7073.9995117188, 158.12064095283
0, 24.099999666214, 4, 0, 7036.162109375, 157.01078838214
0, 16.83157980442, 4, 0, 7007.9731445313, 156.17433057959
0, 9.4789497554302, 4, 0, 6963.0126953125, 155.15385178582
0, 5.8873683214188, 4, 0, 6933.0991210938, 154.47578936482
0, 4.0526367723942, 4, 0, 6912.783203125, 153.9202656979
0, 0, 4, 0, 6888.3759765625, 153.21539663698
0, 0, 4, 0, 6872.3784179688, 152.76748405119
0, 0, 4, 0, 6850.3774414063, 152.23791558377
0, 0, 4, 0, 6822.3002929688, 151.66337183678
0, 0, 4, 0, 6811.57421875, 151.45454921048
0, 0, 4, 0, 6770.6103515625, 150.57985898707
0, 0, 4, 0, 6748.0078125, 150.13984282441
0, 0, 4, 0, 6725.4560546875, 149.59125427693
0, 0, 4, 0, 6700.4750976563, 148.97183138074
1.8800033256412, 0, 4, 0, 6690.7919921875, 148.44252383861
5.5547367781401, 0, 4, 0, 6701.0278320313, 147.96645878775
9.2305287718773, 0, 4, 0, 6708, 147.65395269251
15.747368335724, 0, 4, 0, 6710.5024414063, 147.40041571192
18.418949842453, 0, 4, 0, 6714.7514648438, 147.20444708918
20.173686742783, 0, 4, 0, 6705.6176757813, 146.96464301839
25.936844944954, 0, 4, 0, 6704.1577148438, 146.75094520911
30.78421652317, 0, 4, 0, 6704.4331054688, 146.58523018664
34.646055102348, 0, 4, 0, 6707.197265625, 146.42684853801
37.047371268272, 0, 4, 0, 6709.7065429688, 146.31963571126
37.463161349297, 0, 4, 0, 6710.0366210938, 146.23087991527
37.463161349297, 0, 4, 0, 6707.658203125, 146.12510904405
36.631581187248, 0, 4, 0, 6698.6752929688, 145.99590982872
35.373684763908, 0, 4, 0, 6695.31640625, 145.89868082739
29.195794463158, 0, 4, 0, 6678.6791992188, 145.79509348882
16.331578791142, 0, 4, 0, 6656.81640625, 145.62498393522
0, 0, 4, 0, 6559.681640625, 145.20467449812
0, 0, 4, 0, 6498.7524414063, 144.68062666044
0, 0, 4, 0, 6458.94921875, 143.72656021843
0, 0, 4, 0, 6442.306640625, 143.01071856258
0, 0, 4, 0, 6406.3701171875, 142.3305824722
0, 0, 4, 0, 6364.3178710938, 141.59300162016
0, 0, 4, 0, 6312.0786132813, 140.67778557995
0, 0, 4, 0, 6273.0297851563, 139.95819483974
0, 0, 4, 0, 6243.453125, 139.34736874508
0, 0, 4, 0, 6205.6518554688, 138.82087644946
0, 0, 4, 0, 6146.9926757813, 137.97587677702
0, 0, 4, 0, 6121.9760742188, 137.40359896015
6.8926326930523, 0, 4, 0, 6133.8979492188, 136.49405461168
18.417896330357, 0, 4, 0, 6185.6479492188, 136.01238653362
34.872633218765, 0, 4, 0, 6221.0952148438, 135.64641822056
46.486321091652, 0, 4, 0, 6233.45703125, 135.44617866288
48.908418416977, 0, 4, 0, 6251.2055664063, 135.3048532882
52.468425035477, 0, 4, 0, 6250.56640625, 135.25460457127
54.110527038574, 0, 4, 0, 6259.3134765625, 135.24751838982
54.110527038574, 0, 4, 0, 6263.8359375, 135.29210914792
54.110527038574, 0, 4, 0, 6281.6645507813, 135.31736396902
54.110527038574, 0, 4, 0, 6284.8271484375, 135.33875984248
54.110527038574, 0, 4, 0, 6273.755859375, 135.3847788232
58.325004577637, 0, 4, 0, 6272, 135.46431983671
63.89684677124, 0, 4, 0, 6300.5893554688, 135.49663337346
67.35053062439, 0, 4, 0, 6317.8681640625, 135.576627573
69.736844301224, 0, 4, 0, 6328.0463867188, 135.73672583536
71.794736385345, 0, 4, 0, 6339.0380859375, 135.89113867306
73.539483547211, 0, 4, 0, 6350.8076171875, 136.12382909659
74.257904291153, 0, 4, 0, 6369.4155273438, 136.28681127
75.084209442139, 0, 4, 0, 6390.1157226563, 136.51729069505
75.084209442139, 0, 4, 0, 6404.0620117188, 136.83983554735
75.084209442139, 0, 4, 0, 6423.3071289063, 137.0850503846
75.084209442139, 0, 4, 0, 6460.0576171875, 137.43927705979
75.084209442139, 0, 4, 0, 6467.810546875, 137.87150666259
75.084209442139, 0, 4, 0, 6494.6997070313, 138.24372344961
75.494742393494, 0, 4, 0, 6505.9448242188, 138.62843718453
75.905269384384, 0, 4, 0, 6516.0458984375, 139.18364499453
77.136844396591, 0, 4, 0, 6567.095703125, 139.70166408481
78.702110052109, 0, 4, 0, 6598.8134765625, 140.11922693996
82.402110099792, 0, 4, 0, 6575.3862304688, 140.83762291703
84.536850452423, 0, 4, 0, 6570.544921875, 141.40560233313
87.497901916504, 0, 4, 0, 6596.7607421875, 142.13586354426
90.458953380585, 0, 4, 0, 6650.5229492188, 142.87167285094
94.097375869751, 0, 4, 0, 6695.5771484375, 143.60584794135
96.052634716034, 0, 4, 0, 6764.5727539063, 144.21818465609
99.177902936935, 0, 4, 0, 6813.2221679688, 145.1763297723
100, 0, 4, 0, 6831.4213867188, 145.93393320682
100, 0, 4, 0, 6869.87109375, 147.02730628577
100, 0, 4, 0, 6933.0551757813, 148.10525730702
100, 0, 4, 0, 7001.0615234375, 148.93009706788
100, 0, 4, 0, 7113.2265625, 149.69878296061
100, 0, 4, 0, 7180.388671875, 151.07173061711
100, 0, 4, 0, 7168.5024414063, 152.35684258257
100, 0, 4, 0, 7183.4741210938, 153.23938803039
100, 0, 4, 0, 7206.9521484375, 154.13309833386
100, 0, 4, 0, 7262.3486328125, 155.39198044162
100, 0, 4, 0, 7319.0712890625, 156.20859418952
100, 0, 4, 0, 7379.55859375, 157.32138560291
100, 0, 4, 0, 7388.2275390625, 158.48042945649
100, 0, 4, 0, 7445.2841796875, 159.22056462975
100, 0, 4, 0, 7503.53515625, 160.29348940602
100, 0, 4, 0, 7531.2983398438, 161.10513184057
100, 0, 4, 0, 7596.4672851563, 161.98188200045
100, 0, 4, 0, 7647.3266601563, 163.04395777798
100, 0, 4, 0, 7691.7021484375, 164.08713707163
92.352640628815, 0, 4, 0, 7735.7734375, 164.96550771487
58.43026638031, 16.997370123863, 4, 0, 7712.5029296875, 165.5872377399
5.5547386407852, 43.311581015587, 4, 0, 7492.8701171875, 165.38827534283
0, 56.578952074051, 4, 0, 7365.4350585938, 164.03728660909
0, 57.564210891724, 4, 0, 7255.4965820313, 162.62017391469
0, 61.510527133942, 4, 0, 7098.4497070313, 160.57586549717
40.000000596046, 62.747371196747, 0, 0, 7265.37109375, 159.17157934052
40.000000596046, 62.747371196747, 3, 0, 7508.4814453125, 157.57677652632
40.000000596046, 62.336850166321, 3, 0, 8023.2333984375, 155.48438919162
40.000000596046, 62.336850166321, 3, 0, 8338.861328125, 153.3347768218
0, 63.157898187637, 3, 0, 8464.1181640625, 150.84587918266
0, 60.689479112625, 3, 0, 8424.943359375, 148.94124819063
0, 60.689479112625, 3, 0, 8346.11328125, 147.49250860499
0, 60.689479112625, 3, 0, 8185.0615234375, 145.41058574754
0, 59.868425130844, 3, 0, 7993.9428710938, 143.81281662483
0, 59.457898139954, 3, 0, 7917.8623046875, 142.30233387676
0, 59.457898139954, 3, 0, 7882.0947265625, 140.4537468896
0, 58.883166313171, 3, 0, 7812.666015625, 138.45868468659
0, 58.221054077148, 3, 0, 7712.1303710938, 136.7302469272
0, 58.221054077148, 3, 0, 7614.4653320313, 135.36411079396
0, 58.636844158173, 3, 0, 7488.306640625, 133.16637830823
0, 57.810533046722, 3, 0, 7415.0952148438, 131.44903673996
0, 57.810533046722, 3, 0, 7327.4438476563, 130.09528769135
0, 57.810533046722, 3, 0, 7194.16796875, 128.07399563064
0, 57.810533046722, 3, 0, 7069.0693359375, 126.81004607916
0, 57.564210891724, 3, 0, 6944.7841796875, 125.10529758916
0, 56.578952074051, 3, 0, 6859.935546875, 123.32858865185
0, 55.75789809227, 3, 0, 6817.6235351563, 121.77286969893
0, 54.93158698082, 3, 0, 6734.6196289063, 119.60905750039
0, 53.700011968613, 3, 0, 6636.3681640625, 117.99556419596
0, 51.642107963562, 3, 0, 6532.7055664063, 116.33035275326
0, 50, 3, 0, 6439.4868164063, 114.68849412366
0, 46.443426609039, 3, 0, 6356.9106445313, 113.12680822142
0, 39.718952775002, 3, 0, 6286.6396484375, 111.62288980423
0, 32.868421077728, 3, 0, 6199.8852539063, 109.88492140545
0, 26.93789601326, 3, 0, 6134.23828125, 108.6836282549
0, 22.426320612431, 3, 0, 6076.171875, 107.59760914915
0, 15.410526096821, 3, 0, 6031.2509765625, 106.63946403293
0, 4.3831627815962, 3, 0, 5989.1801757813, 105.83257318516
0, 0, 3, 0, 5976.9311523438, 105.28795344861
0, 0, 3, 0, 5940.8979492188, 104.65150174428
0, 0, 3, 0, 5909.869140625, 104.14226484981
12.82105743885, 0, 3, 0, 5977.5698242188, 103.77372848262
22.51158207655, 0, 3, 0, 6012.4130859375, 103.69169494598
32.244735956192, 0, 3, 0, 6039.1123046875, 103.7405909713
43.14421415329, 0, 3, 0, 6078.3012695313, 103.9246600277
50, 0, 3, 0, 6105.7255859375, 104.27875624024
54.438948631287, 0, 3, 0, 6139.0903320313, 104.68191327302
60.278958082199, 0, 3, 0, 6210.0356445313, 105.06548030998
68.010526895523, 0, 3, 0, 6280.9409179688, 105.73432794851
73.51895570755, 0, 3, 0, 6320.177734375, 106.32246040973
77.547377347946, 0, 3, 0, 6348.6801757813, 106.87845786205
82.894742488861, 0, 3, 0, 6349.1528320313, 107.62626973189
85.773688554764, 0, 3, 0, 6406.1342773438, 108.2270708024
88.816851377487, 0, 3, 0, 6412.0024414063, 108.83204667748
92.270535230637, 0, 3, 0, 6435.2861328125, 109.85191435676
93.584215641022, 0, 3, 0, 6494.9633789063, 110.55490200904
95.744740962982, 0, 3, 0, 6524.0947265625, 111.23639079103
98.767375946045, 0, 3, 0, 6593.580078125, 112.26011741797
100, 0, 3, 0, 6653.3081054688, 113.0985870918
100, 0, 3, 0, 6747.07421875, 114.05458300764
100, 0, 3, 0, 6839.1254882813, 114.92108155036
100, 0, 3, 0, 6919.185546875, 115.66754759504
100, 0, 3, 0, 7004.9970703125, 116.55630031807
100, 0, 3, 0, 7102.755859375, 117.58856194844
100, 0, 3, 0, 7206.1650390625, 118.51139975359
100, 0, 3, 0, 7318.2875976563, 119.63885791464
100, 0, 3, 0, 7455.7680664063, 120.56376938916
100, 0, 3, 0, 7600.3525390625, 121.50305922023
100, 0, 3, 0, 7747.5478515625, 122.23614941077
100, 0, 3, 0, 7951.60546875, 123.26445596312
100, 0, 3, 0, 7962.2270507813, 123.9947995717
100, 0, 3, 0, 7982.916015625, 124.5934720412
100, 0, 3, 0, 7972.3237304688, 125.11096928091
100, 0, 3, 0, 7961.8232421875, 126.0065335272
100, 0, 3, 0, 7979.833984375, 126.71799438482
100, 0, 3, 0, 7997.8759765625, 127.55796781227
100, 0, 3, 0, 7972.1240234375, 128.3066036567
0, 0, 0, 0, 7900.8125, 129.25087853403
0, 0, 0, 0, 7627.0517578125, 129.05886498931
0, 0, 4, 0, 7327.541015625, 128.90844842835
100, 0, 4, 0, 6270.7451171875, 129.40526390592
100, 0, 4, 0, 6266.5278320313, 130.44816854137
100, 0, 4, 0, 6240.673828125, 131.45686449854
100, 0, 4, 0, 6252.2250976563, 132.42883865492
100, 0, 4, 0, 6323.3803710938, 133.76297710835
100, 0, 4, 0, 6375.693359375, 134.93990121047
100, 0, 4, 0, 6445.9633789063, 135.95676824896
100, 0, 4, 0, 6474.748046875, 136.81942844339
100, 0, 4, 0, 6548.71875, 137.80264985289
100, 0, 4, 0, 6652.4453125, 138.83330473282
100, 0, 4, 0, 6659.6865234375, 140.03254481335
100, 0, 4, 0, 6691.5517578125, 141.05469902212
100, 0, 4, 0, 6709.7983398438, 141.87710805795
100, 0, 4, 0, 6714.1142578125, 142.94268572747
100, 0, 4, 0, 6737.3471679688, 144.09239120239
100, 0, 4, 0, 6802.689453125, 145.00979077525
100, 0, 4, 0, 6845.9326171875, 146.14877084762
100, 0, 4, 0, 6881.8115234375, 147.09110938467
100, 0, 4, 0, 6939.2387695313, 147.90905522481
100, 0, 4, 0, 7010.40625, 148.83067080099
100, 0, 4, 0, 7071.9140625, 149.8899175991
100, 0, 4, 0, 7097.2783203125, 150.850699434
100, 0, 4, 0, 7110.3715820313, 151.69387262943
100, 0, 4, 0, 7164.6079101563, 152.86415000322
100, 0, 4, 0, 7189.765625, 153.70658162153
100, 0, 4, 0, 7229.6264648438, 154.58898974024
100, 0, 4, 0, 7286.3911132813, 155.7621784909
100, 0, 4, 0, 7340.6333007813, 156.49747967992
100, 0, 4, 0, 7371.298828125, 157.40415385023
100, 0, 4, 0, 7421.0200195313, 158.42916450423
100, 0, 4, 0, 7472.0893554688, 159.28239018964
100, 0, 4, 0, 7498.5375976563, 160.00963016061
100, 0, 4, 0, 7525.8276367188, 161.20281402792
100, 0, 4, 0, 7590.9931640625, 161.980124188
100, 0, 4, 0, 7621.4868164063, 162.72698848706
100, 0, 4, 0, 7636.0961914063, 163.59375482152
100, 0, 4, 0, 7679.7080078125, 164.31846793709
100, 0, 4, 0, 7710.4809570313, 165.39600697104
100, 0, 4, 0, 7759.3642578125, 166.30938280134
100, 0, 4, 0, 7798.2983398438, 166.75209061432
100, 0, 4, 0, 7847.1494140625, 167.92220319318
100, 0, 4, 0, 7882.5786132813, 168.73784190449
100, 0, 4, 0, 7900.1796875, 169.43787698116
100, 0, 4, 0, 7936.591796875, 170.44482885878
100, 0, 4, 0, 7977.0751953125, 171.15635838094
100, 0, 4, 0, 8018.3940429688, 171.78848421869
100, 0, 4, 0, 7973.3935546875, 172.31567689271
100, 0, 4, 0, 7972.4853515625, 172.58319397547
100, 0, 4, 0, 8024.2060546875, 173.27254484832
100, 0, 4, 0, 7999.2822265625, 173.63908994359
100, 0, 4, 0, 7984.9428710938, 173.92815396181
0, 0, 0, 0, 7835.1948242188, 173.94672085585
0, 0, 5, 0, 7555.4770507813, 173.71474454364
0, 0, 5, 0, 6882.6328125, 173.74686581964
100, 0, 5, 0, 6600.66796875, 174.24784236887
100, 0, 5, 0, 6647.9536132813, 174.96671899778
100, 0, 5, 0, 6673.6098632813, 175.71988670243
100, 0, 5, 0, 6701.8940429688, 176.35784902684
100, 0, 5, 0, 6736.6416015625, 177.29768817431
100, 0, 5, 0, 6753.9345703125, 177.88253160364
100, 0, 5, 0, 6779.8623046875, 178.60790389888
100, 0, 5, 0, 6809.5063476563, 179.30848829194
100, 0, 5, 0, 6839.91796875, 180.09932536816
100, 0, 5, 0, 6866.9052734375, 180.78969247633
100, 0, 5, 0, 6897.330078125, 181.57257819778
100, 0, 5, 0, 6921.3188476563, 182.28225377713
100, 0, 5, 0, 6941.2451171875, 182.8719311907
100, 0, 5, 0, 6967.5986328125, 183.64579439042
100, 0, 5, 0, 6990.4208984375, 184.3200390625
100, 0, 5, 0, 7017.2163085938, 185.08108945738
100, 0, 5, 0, 7041.5009765625, 185.74261745499
100, 0, 5, 0, 7064.17578125, 186.32956201952
100, 0, 5, 0, 7090.6337890625, 186.97900505651
100, 0, 5, 0, 7120.3251953125, 187.73527639878
100, 0, 5, 0, 7145.7524414063, 188.37709767084
100, 0, 5, 0, 7165.6166992188, 188.92918811032
100, 0, 5, 0, 7194.1166992188, 189.74414017613
100, 0, 5, 0, 7213.0083007813, 190.31154281003
100, 0, 5, 0, 7236.8706054688, 191.02796124808
100, 0, 5, 0, 7257.8803710938, 191.65319316511
100, 0, 5, 0, 7283.9194335938, 192.35298104941
100, 0, 5, 0, 7306.4912109375, 192.89543098621
100, 0, 5, 0, 7333.4663085938, 193.47263891769
100, 0, 5, 0, 7361.9165039063, 194.17068272244
100, 0, 5, 0, 7389.708984375, 194.84414461867
100, 0, 5, 0, 7409.0122070313, 195.35246827463
100, 0, 5, 0, 7429.2568359375, 195.962882382
100, 0, 5, 0, 7451.3603515625, 196.63304837987
100, 0, 5, 0, 7473.6049804688, 197.29686977342
100, 0, 5, 0, 7494.130859375, 197.89504785816
100, 0, 5, 0, 7512.4873046875, 198.37090691538
100, 0, 5, 0, 7536.2690429688, 199.04193808656
100, 0, 5, 0, 7554.5478515625, 199.51240011023
100, 0, 5, 0, 7575.4892578125, 200.07812732913
100, 0, 5, 0, 7599.56640625, 200.75811235751
100, 0, 5, 0, 7621.2705078125, 201.39728317798
100, 0, 5, 0, 7638.974609375, 201.95558089268
100, 0, 5, 0, 7654.4624023438, 202.43282697379
100, 0, 5, 0, 7678.2524414063, 203.13257365935
100, 0, 5, 0, 7693.0473632813, 203.60296701847
100, 0, 5, 0, 7715.033203125, 204.23322518049
100, 0, 5, 0, 7732.8857421875, 204.6902838842
100, 0, 5, 0, 7754.8774414063, 205.29094762561
100, 0, 5, 0, 7773.4345703125, 205.83254612201
100, 0, 5, 0, 7795.0361328125, 206.42296511271
100, 0, 5, 0, 7811.2290039063, 206.86657929774
100, 0, 5, 0, 7833.5190429688, 207.4454351784
100, 0, 5, 0, 7852.6196289063, 207.96583006208
100, 0, 5, 0, 7870.0341796875, 208.39299222117
100, 0, 5, 0, 7890.15234375, 208.95836238442
100, 0, 5, 0, 7906.3525390625, 209.45182703199
100, 0, 5, 0, 7925.8662109375, 210.02407738304
100, 0, 5, 0, 7943.1826171875, 210.50549826872
0, 0, 0, 0, 7814.4223632813, 210.56751608935
0, 0, 6, 0, 7493.3740234375, 210.15378471603
0, 0, 6, 0, 6905.0668945313, 209.96326805848
100, 0, 6, 0, 6427.798828125, 210.15263115161
100, 0, 6, 0, 6447.4516601563, 210.52241721359
100, 0, 6, 0, 6463.8520507813, 211.04542135012
100, 0, 6, 0, 6476.5883789063, 211.5806889751
100, 0, 6, 0, 6485.435546875, 211.94250994941
100, 0, 6, 0, 6500.2236328125, 212.44503831744
100, 0, 6, 0, 6512.0375976563, 212.81821640814
100, 0, 6, 0, 6526.30859375, 213.30730025749
100, 0, 6, 0, 6533.6547851563, 213.54154249982
100, 0, 6, 0, 6557.5546875, 214.22100567762
100, 0, 6, 0, 6570.8212890625, 214.57862438153
100, 0, 6, 0, 6587.9350585938, 215.05004770888
100, 0, 6, 0, 6600.91796875, 215.46625100596
100, 0, 6, 0, 6610.3486328125, 215.82572365269
100, 0, 6, 0, 6622.2905273438, 216.31315955286
100, 0, 6, 0, 6632.4404296875, 216.72671239835
100, 0, 6, 0, 6645.0747070313, 217.1916812581
100, 0, 6, 0, 6657.71875, 217.59541507309
100, 0, 6, 0, 6669.078125, 217.93972658741
100, 0, 6, 0, 6684.6108398438, 218.39131959302
100, 0, 6, 0, 6698.9521484375, 218.85643951478
100, 0, 6, 0, 6711.0541992188, 219.25127440423
100, 0, 6, 0, 6721.4985351563, 219.60471830356
100, 0, 6, 0, 6734.900390625, 220.05072201488
100, 0, 6, 0, 6745.0268554688, 220.38671138587
100, 0, 6, 0, 6758.7680664063, 220.89627100372
100, 0, 6, 0, 6767.591796875, 221.23011804077
100, 0, 6, 0, 6777.591796875, 221.61496910479
100, 0, 6, 0, 6789.8896484375, 222.04755576326
100, 0, 6, 0, 6805.5263671875, 222.4841798972
100, 0, 6, 0, 6820.9169921875, 222.850491533
100, 0, 6, 0, 6833.6791992188, 223.165469552
100, 0, 6, 0, 6848.4799804688, 223.58432330067
100, 0, 6, 0, 6855.6533203125, 223.90670335805
100, 0, 6, 0, 6863.3364257813, 224.40066239037
100, 0, 6, 0, 6868.6396484375, 224.70988632017
100, 0, 6, 0, 6877.7250976563, 225.14066023454
100, 0, 6, 0, 6886.8759765625, 225.45087293384
100, 0, 6, 0, 6899.6010742188, 225.80507214321
100, 0, 6, 0, 6915.1962890625, 226.21454631449
100, 0, 6, 0, 6930.0981445313, 226.61107035184
100, 0, 6, 0, 6939.6215820313, 226.91202706994
100, 0, 6, 0, 6950.7880859375, 227.30964974007
100, 0, 6, 0, 6955.818359375, 227.51358345049
100, 0, 6, 0, 6968.6787109375, 228.01455999972
